cote,num_lot
2 B 485,1
2 B 495,2
2 B 2345,3
2 B 1603,4
2 B 2050,5
2 B 2051,5
2 B 2052,5
2 B 2053,5
2 B 2054,5
2 B 2055,5
2 B 2056,5
2 B 2057,5
2 B 2058,5
2 B 2059,5
2 B 2060,5
2 B 2161,6
2 B 2162,7
2 B 2163,7
2 B 2164,7
2 B 2165,7
2 B 2166,7
2 B 2167,7
2 B 2168,7
2 B 2169,7
2 B 2170,7
2 B 2171,7
2 B 2172,7
2 B 2173,7
2 B 2174,7
2 B 2175,7
2 B 2176,7
2 B 2177,7
2 B 2178,7
2 B 2179,7
2 B 2180,7
2 B 2181,7
2 B 2182,7
2 B 2183,7
2 B 2184,7
2 B 2185,7
2 B 2187,7
2 B 2188,7
2 B 2189,7
2 B 2190,7
2 B 2191,7
2 B 2192,7
2 B 2193,7
2 B 2195,7
2 B 2196,7
2 B 2197,7
2 B 2198,7
2 B 2199,7
2 B 2200,7
2 B 2201,7
2 B 2202,7
2 B 2203,7
2 B 2204,7
2 B 2205,7
2 B 2206,7
2 B 2207,7
2 B 2208,7
2 B 2209,7
2 B 2210,7
2 B 2211,7
2 B 2212,7
2 B 2213,7
2 B 2214,7
2 B 2215,7
2 B 2216,7
2 B 2217,7
2 B 2218,7
2 B 2219,7
2 B 2220,7
2 B 2221,7
2 B 2223,7
2 B 2224,7
2 B 2225,7
2 B 2226,7
2 B 2227,7
2 B 2228,7
2 B 2229,7
2 B 2230,7
2 B 2231,7
2 B 2232,7
2 B 2233,7
2 B 2234,7
2 B 2235,7
2 B 2236,7
2 B 2237,7
2 B 2238,7
2 B 2239,7
2 B 2240,7
2 B 2241,7
2 B 2242,7
2 B 2243,7
2 B 2244,7
2 B 2245,7
2 B 2246,7
2 B 2247,7
2 B 2248,7
2 B 2249,7
2 B 2250,7
2 B 2251,7
2 B 2252,7
2 B 2253,7
2 B 2254,7
2 B 2255,7
2 B 2256,7
2 B 2257,7
2 B 2261,7
2 B 2262,7
2 B 2263,7
2 B 2264,7
2 B 2265,7
2 B 2266,7
2 B 2268,7
2 B 2269,7
2 B 2270,7
2 B 2271,7
2 B 2272,7
2 B 2273,7
2 B 2274,7
2 B 2275,7
2 B 2276,7
2 B 2277,7
2 B 2278,7
2 B 2279,7
2 B 2280,7
2 B 2281,7
2 B 2282,7
2 B 2283,7
2 B 2284,7
2 B 2285,7
2 B 2286,7
2 B 2287,7
2 B 2288,7
2 B 2289,7
2 B 2290,7
2 B 2291,7
2 B 2292,7
2 B 2293,7
2 B 2294,7
2 B 2295,7
2 B 2296,7
2 B 2297,7
2 B 2298,7
2 B 2299,7
2 B 2300,7
2 B 2301,7
2 B 2302,7
2 B 2303,7
2 B 2304,7
2 B 2305,7
2 B 2306,7
2 B 2307,7
2 B 2308,7
2 B 2309,7
2 B 2310,7
2 B 2311,7
2 B 2312,7
2 B 2313,7
2 B 2314,7
2 B 2315,7
2 B 2316,7
2 B 2317,7
2 B 2318,7
2 B 2319,7
2 B 2320,7
2 B 2321,7
2 B 2322,7
2 B 2323,7
2 B 2324,7
2 B 2325,7
2 B 2326,7
2 B 2327,7
2 B 2328,7
2 B 2329,7
2 B 2330,7
2 B 2331,7
2 B 2332,7
2 B 2333,7
2 B 2334,7
2 B 2335,7
2 B 2336,7
2 B 2337,7
2 B 2338,7
2 B 2340,7
2 B 2341,7
2 B 2342,7
2 B 2343,7
2 B 2344,7
2 B 2346,7
2 B 2347,7
2 B 2348,7
2 B 2349,7
2 B 2350,7
2 B 2351,7
2 B 2352,7
2 B 2353,7
2 B 2354,7
2 B 2355,7
2 B 2356,7
2 B 2357,7
2 B 2358,7
2 B 2359,7
2 B 2360,7
2 B 2361,7
2 B 2362,7
2 B 2363,7
2 B 2364,7
2 B 2365,7
2 B 2366,7
2 B 2367,7
2 B 2368,7
2 B 2369,7
2 B 2370,7
2 B 2371,7
2 B 2372,7
2 B 2373,7
2 B 2374,7
2 B 2375,7
2 B 2376,7
2 B 2377,7
2 B 2378,7
2 B 2379,7
2 B 2380,7
2 B 2381,7
2 B 2382,7
2 B 2383,7
2 B 2384,7
2 B 2385,7
2 B 2386,7
2 B 2387,7
2 B 2388,7
2 B 2389,7
2 B 2390,7
2 B 2391,7
2 B 2392,7
2 B 2393,7
2 B 2394,7
2 B 2395,7
2 B 2396,7
2 B 2397,7
2 B 2398,7
2 B 2399,7
2 B 2400,7
2 B 2401,7
2 B 2402,7
2 B 2403,7
2 B 2404,7
2 B 2405,7
2 B 2406,7
2 B 2407,7
2 B 2408,7
2 B 2409,7
2 B 2410,7
2 B 2411,7
2 B 2412,7
2 B 2413,7
2 B 2414,7
2 B 2415,7
2 B 2416,7
2 B 2417,7
2 B 2418,7
2 B 2419,7
2 B 2420,7
2 B 2421,7
2 B 2422,7
2 B 2423,7
2 B 2424,7
2 B 2425,7
2 B 2426,7
2 B 2427,7
2 B 2428,7
2 B 2429,7
2 B 2430,7
2 B 2431,7
2 B 2432,7
2 B 2433,7
2 B 2434,7
2 B 2435,7
2 B 2436,7
2 B 2437,7
2 B 2438,7
2 B 2439,7
2 B 2440,7
2 B 2441,7
2 B 2442,7
2 B 2443,7
2 B 2444,7
2 B 2445,7
2 B 2446,7
2 B 2447,7
2 B 2448,7
2 B 2449,7
2 B 2450,7
2 B 2451,7
2 B 2452,7
2 B 2453,7
2 B 2454,7
2 B 2455,7
2 B 2456,7
2 B 2457,7
2 B 2458,7
2 B 2459,7
2 B 2460,7
2 B 2461,7
2 B 2464,7
2 B 2465,7
2 B 2466,7
2 B 2467,7
2 B 2468,7
2 B 2469,7
2 B 2470,8
2 B 2471,8
2 B 2472,8
2 B 2473,8
2 B 2474,8
2 B 2475,8
2 B 2476,8
2 B 2477,8
2 B 2478,8
2 B 2479,8
2 B 2480,8
2 B 2481,8
2 B 2482,8
2 B 2483,8
2 B 2484,8
2 B 2485,8
2 B 2486,8
2 B 2487,8
2 B 2488,8
2 B 2489,8
2 B 2490,8
2 B 2491,8
2 B 2492,8
2 B 2493,8
2 B 2494,8
2 B 2495,8
2 B 2496,8
2 B 2497,8
2 B 2498,8
2 B 2499,9
2 B 2577,10
2 B 2955,11
2 B 2963,11
2 B 2964,11
2 B 2965,11
2 B 2966,11
2 B 2970,11
2 B 2971,11
2 B 2972,11
2 B 2973,11
2 B 2974,11
2 B 2975,11
2 B 2976,12
2 B 3103,12
2 B 3104,12
2 B 3105,12
2 B 3106,12
2 B 3107,12
2 B 3108,12
2 B 3109,12
2 B 3110,12
2 B 3111,12
2 B 3112,12
2 B 3113,12
2 B 3114,12
2 B 3115,12
2 B 3116,12
2 B 3117,12
2 B 3118,12
2 B 3119,12
2 B 3120,12
2 B 3121,12
2 B 3122,12
2 B 3123,12
2 B 3124,12
2 B 3125,12
2 B 3126,12
2 B 3127,12
2 B 3128,12
2 B 3129,12
2 B 3130,12
2 B 3131,12
2 B 3132,12
2 B 3133,12
2 B 3134,12
2 B 3135,12
2 B 3136,12
2 B 3137,12
2 B 3138,12
2 B 3139,12
2 B 3140,12
2 B 3141,12
2 B 3142,12
2 B 3143,12
2 B 3144,12
2 B 3145,12
2 B 3147,12
2 B 3148,12
2 B 3149,12
2 B 3150,12
2 B 3151,12
2 B 3152,12
2 B 3153,12
2 B 3154,12
2 B 3155,12
2 B 3156,12
2 B 3157,12
2 B 3158,12
2 B 3159,12
2 B 3160,12
2 B 3161,12
2 B 3162,12
2 B 3163,12
2 B 3164,12
2 B 3165,12
2 B 3166,12
2 B 3167,12
2 B 3168,12
2 B 3169,12
2 B 3170,12
2 B 3171,12
2 B 3172,12
2 B 3173,12
2 B 3174,12
2 B 3175,12
2 B 3176,12
2 B 3177,12
2 B 3178,12
2 B 3179,12
2 B 3180,12
2 B 3181,12
2 B 3182,12
2 B 3183,12
2 B 3184,12
2 B 3185,12
2 B 3186,12
2 B 3187,12
2 B 3188,12
2 B 3189,12
2 B 3190,12
2 B 3191,12
2 B 3192,12
2 B 3193,12
2 B 3194,12
2 B 3195,12
2 B 3196,12
2 B 3197,12
2 B 3198,12
2 B 3199,12
2 B 3200,12
2 B 3201,12
2 B 3202,12
2 B 3203,12
2 B 3204,12
2 B 3205,12
2 B 3206,12
2 B 3207,12
2 B 3208,12
2 B 3209,12
2 B 3210,12
2 B 3211,12
2 B 3212,12
2 B 3213,12
2 B 3214,12
2 B 3215,12
2 B 3216,12
2 B 3217,12
2 B 3218,12
2 B 3219,12
2 B 3220,12
2 B 3221,12
2 B 3222,12
2 B 3223,12
2 B 3224,12
2 B 3225,12
2 B 3226,12
2 B 3227,12
2 B 3228,12
2 B 3229,12
2 B 3230,12
2 B 3231,12
2 B 3232,12
2 B 3233,12
2 B 3234,12
2 B 3235,12
2 B 3236,12
2 B 3237,12
2 B 3238,12
2 B 3239,12
2 B 3240,12
2 B 3241,12
2 B 3242,12
2 B 3243,12
2 B 3244,12
2 B 3245,12
2 B 3246,12
2 B 3247,12
2 B 3248,12
2 B 3249,12
2 B 3250,12
2 B 3252,12
2 B 3253,12
2 B 3254,12
2 B 3255,12
2 B 3256,12
2 B 3257,12
2 B 3258,12
2 B 3259,12
2 B 3260,12
2 B 3261,12
2 B 3262,12
2 B 3263,12
2 B 3264,12
2 B 3265,12
2 B 3266,12
2 B 3267,12
2 B 3268,12
2 B 3269,12
2 B 3270,12
2 B 3271,12
2 B 3272,12
2 B 3273,12
2 B 3274,12
2 B 3275,12
2 B 3276,12
2 B 3277,12
2 B 3278,12
2 B 3279,12
2 B 3280,12
2 B 3281,12
2 B 3282,12
2 B 3283,12
2 B 3284,12
2 B 3285,12
2 B 3286,12
2 B 3287,12
2 B 3288,12
2 B 3289,12
2 B 3290,12
2 B 3291,12
2 B 3292,12
2 B 3293,12
2 B 3294,12
2 B 3295,12
2 B 3296,12
2 B 3297,12
2 B 3298,12
2 B 3299,12
2 B 3300,12
2 B 3301,12
2 B 3302,12
2 B 3303,12
2 B 3304,12
2 B 3305,12
2 B 3306,12
2 B 3307,12
2 B 3308,12
2 B 3309,12
2 B 3311,12
2 B 3312,12
2 B 3313,12
2 B 3314,12
2 B 3315,12
2 B 3316,12
2 B 3317,12
2 B 3318,12
2 B 3319,12
2 B 3320,12
2 B 3321,12
2 B 3322,12
2 B 3323,12
2 B 3324,12
2 B 3325,12
2 B 3326,12
2 B 3327,12
2 B 3328,12
2 B 3329,12
2 B 3330,12
2 B 3331,12
2 B 3332,12
2 B 3333,12
2 B 3334,12
2 B 3335,12
2 B 3336,12
2 B 3337,12
2 B 3338,12
2 B 3339,12
2 B 3340,12
2 B 3341,12
2 B 3342,12
2 B 3343,12
2 B 3344,12
2 B 3345,12
2 B 3346,12
2 B 3347,12
2 B 3348,12
2 B 3349,12
2 B 3350,12
2 B 3351,12
2 B 3352,12
2 B 3353,12
2 B 3354,12
2 B 3355,12
2 B 3356,12
2 B 3357,12
2 B 3358,12
2 B 3360,12
2 B 3361,12
2 B 3362,12
2 B 3363,12
2 B 3364,12
2 B 3365,12
2 B 3366,12
2 B 3367,12
2 B 3368,12
2 B 3369,12
2 B 3370,12
2 B 3371,12
2 B 3372,12
2 B 3375,12
2 B 3376,12
2 B 3377,12
2 B 3378,12
2 B 3379,12
2 B 3380,12
2 B 3381,12
2 B 3382,12
2 B 3383,12
2 B 3384,12
2 B 3385,12
2 B 3386,12
2 B 3387,12
2 B 3388,12
2 B 3389,12
2 B 3390,12
2 B 3391,12
2 B 3392,12
2 B 3393,12
2 B 3395,12
2 B 3396,12
2 B 3397,12
2 B 3398,12
2 B 3399,12
2 B 3400,12
2 B 3401,12
2 B 3402,12
2 B 3403,12
2 B 3404,12
2 B 3405,12
2 B 3406,12
2 B 3407,12
2 B 3408,12
2 B 3409,12
2 B 3410,12
2 B 3411,12
2 B 3412,12
2 B 3413,12
2 B 3414,12
2 B 3415,12
2 B 3416,12
2 B 3417,12
2 B 3418,12
2 B 3419,12
2 B 3420,12
2 B 3421,12
2 B 3422,12
2 B 3423,12
2 B 3424,12
2 B 3425,12
2 B 3426,12
2 B 3427,12
2 B 3428,12
2 B 3429,12
2 B 3430,12
2 B 3431,12
2 B 3432,12
2 B 3433,12
2 B 3434,12
2 B 3435,12
2 B 3436,12
2 B 3437,12
2 B 3438,12
2 B 3439,13
2 B 3440,13
2 B 3441,13
2 B 3442,13
2 B 3443,13
2 B 3444,13
2 B 3445,13
2 B 3446,13
2 B 3447,13
2 B 3448,13
2 B 3449,13
2 B 3450,13
2 B 3451,13
2 B 3452,13
2 B 3453,13
2 B 3454,13
2 B 3455,13
2 B 3456,13
2 B 3457,13
2 B 3458,13
2 B 3459,13
2 B 3460,13
2 B 3461,13
2 B 3462,13
2 B 3463,13
2 B 3464,13
2 B 3465,13
2 B 3466,13
2 B 3467,13
2 B 3468,13
2 B 3469,13
2 B 3470,13
2 B 3471,13
2 B 3472,13
2 B 3473,13
2 B 3474,13
2 B 3475,13
2 B 3476,13
2 B 3477,13
2 B 3478,13
2 B 3479,13
2 B 3480,13
2 B 3481,13
2 B 3482,13
2 B 3483,13
2 B 3484,13
2 B 3485,13
2 B 3486,13
2 B 3487,13
2 B 3488,13
2 B 3489,14
2 B 3490,14
2 B 3491,14
2 B 3492,15
2 B 3493,15
2 B 3494,15
2 B 3495,15
2 B 3496,15
2 B 3497,15
2 B 3498,15
2 B 3499,15
2 B 3500,15
2 B 3501,15
2 B 3502,15
2 B 3503,15
2 B 3504,15
2 B 3505,15
2 B 3506,15
2 B 3507,15
2 B 3508,15
2 B 3509,15
2 B 3510,15
2 B 3511,15
2 B 3512,15
2 B 3513,15
2 B 3514,15
2 B 3515,15
2 B 3516,15
2 B 3517,15
2 B 3518,15
2 B 3519,15
2 B 3520,15
2 B 3521,15
2 B 3522,15
2 B 3523,15
2 B 3524,15
2 B 3525,15
2 B 3526,15
2 B 3527,15
2 B 3528,15
2 B 3529,15
2 B 3530,15
2 B 3531,15
2 B 3532,15
2 B 3533,15
2 B 3534,15
2 B 3535,15
2 B 3536,15
2 B 3537,15
2 B 3538,15
2 B 3539,15
2 B 3540,15
2 B 3541,15
2 B 3542,15
2 B 3543,15
2 B 3544,15
2 B 3545,15
2 B 3546,15
2 B 3547,15
2 B 3548,15
2 B 3549,15
2 B 3550,15
2 B 3551,15
2 B 3552,15
2 B 3553,15
2 B 3554,15
2 B 3555,15
2 B 3556,15
2 B 3557,15
2 B 3558,15
2 B 3559,15
2 B 3560,15
2 B 3561,15
2 B 3562,15
2 B 3563,15
2 B 3564,15
2 B 3565,15
2 B 3566,15
2 B 3567,15
2 B 3568,15
2 B 3569,15
2 B 3570,15
2 B 3571,15
2 B 3572,15
2 B 3573,15
2 B 3574,15
2 B 3575,15
2 B 3576,15
2 B 3577,15
2 B 3578,15
2 B 3579,15
2 B 3580,15
2 B 3581,15
2 B 3582,15
2 B 3583,15
2 B 3584,15
2 B 3585,15
2 B 3586,15
2 B 3587,15
2 B 3588,15
2 B 3589,15
2 B 3590,15
2 B 3591,15
2 B 3592,15
2 B 3593,15
2 B 3594,15
2 B 3595,15
2 B 3596,15
2 B 3597,15
2 B 3598,15
2 B 3599,15
2 B 3600,15
2 B 3601,15
2 B 3602,15
2 B 3603,15
2 B 3604,15
2 B 3605,15
2 B 3606,15
2 B 3607,15
2 B 3608,15
2 B 3609,15
2 B 3610,15
2 B 3611,15
2 B 3612,15
2 B 3613,15
2 B 3614,15
2 B 3615,15
2 B 3616,15
2 B 3617,15
2 B 3618,15
2 B 3619,15
2 B 3620,15
2 B 3621,15
2 B 3622,15
2 B 3623,15
2 B 3624,15
2 B 3625,15
2 B 3626,15
2 B 3627,15
2 B 3628,15
2 B 3629,15
2 B 3630,15
2 B 3631,15
2 B 3632,15
2 B 3633,15
2 B 3634,15
2 B 3635,15
2 B 3636,15
2 B 3637,15
2 B 3638,15
2 B 3639,15
2 B 3640,15
2 B 3641,15
2 B 3642,15
2 B 3643,15
2 B 3644,15
2 B 3645,15
2 B 3646,15
2 B 3647,15
2 B 3648,15
2 B 3649,15
2 B 3650,15
2 B 3651,15
2 B 3652,15
2 B 3653,15
2 B 3654,15
2 B 3655,15
2 B 3656,15
2 B 3657,15
2 B 3658,15
2 B 3659,15
2 B 3660,15
2 B 3661,15
2 B 3662,15
2 B 3663,15
2 B 3664,15
2 B 3665,15
2 B 3666,15
2 B 3667,15
2 B 3668,15
2 B 3669,15
2 B 3670,15
2 B 3671,15
2 B 3672,15
2 B 3673,15
2 B 3674,15
2 B 3675,15
2 B 3676,15
2 B 3677,15
2 B 3678,15
2 B 3679,15
2 B 3680,15
2 B 3681,15
2 B 3682,15
2 B 3683,15
2 B 3684,15
2 B 3685,15
2 B 3686,15
2 B 3687,15
2 B 3688,15
2 B 3689,15
2 B 3690,15
2 B 3691,15
2 B 3692,15
2 B 3693,15
2 B 3694,15
2 B 3695,15
2 B 3696,15
2 B 3697,15
2 B 3698,15
2 B 3699,15
2 B 3700,15
2 B 3701,15
2 B 3702,15
2 B 3703,15
2 B 3704,15
2 B 3705,15
2 B 3706,15
2 B 3707,15
2 B 3708,15
2 B 3709,15
2 B 3710,15
2 B 3711,15
2 B 3712,15
2 B 3713,15
2 B 3714,15
2 B 3715,15
2 B 3716,15
2 B 3717,15
2 B 3718,15
2 B 3719,15
2 B 3720,15
2 B 3721,15
2 B 3722,15
2 B 3723,15
2 B 3724,15
2 B 3725,15
2 B 3726,15
2 B 3727,15
2 B 3728,15
2 B 3729,15
2 B 3730,15
2 B 3731,15
2 B 3732,15
2 B 3733,15
2 B 3734,15
2 B 3735,15
2 B 3736,15
2 B 3737,15
2 B 3738,15
2 B 3739,15
2 B 3740,15
2 B 3741,15
2 B 3742,15
2 B 3743,15
2 B 3744,15
2 B 3745,15
2 B 3746,15
2 B 3747,15
2 B 3748,15
2 B 3749,15
2 B 3750,15
2 B 3751,15
2 B 3752,15
2 B 3753,15
2 B 3754,15
2 B 3755,15
2 B 3756,15
2 B 3757,15
2 B 3758,15
2 B 3759,15
2 B 3760,15
2 B 3761,15
2 B 3762,15
2 B 3763,15
2 B 3764,15
2 B 3765,15
2 B 3766,15
2 B 3767,15
2 B 3768,15
2 B 3769,15
2 B 3770,15
2 B 3771,15
2 B 3772,15
2 B 3773,15
2 B 3774,15
2 B 3775,15
2 B 3776,15
2 B 3777,15
2 B 3778,15
2 B 3779,15
2 B 3780,15
2 B 3781,15
2 B 3782,15
2 B 3783,15
2 B 3784,15
2 B 3785,15
2 B 3786,15
2 B 3787,15
2 B 3788,15
2 B 3789,15
2 B 3790,15
2 B 3791,15
2 B 3792,15
2 B 3793,15
2 B 3794,15
2 B 3795,15
2 B 3796,15
2 B 3797,15
2 B 3798,15
2 B 3799,15
2 B 3800,15
2 B 3801,15
2 B 3802,15
2 B 3803,15
2 B 3804,15
2 B 3805,15
2 B 3806,15
2 B 3807,15
2 B 3808,15
2 B 3809,15
2 B 3810,15
2 B 3811,15
2 B 3812,15
2 B 3813,15
2 B 3814,15
2 B 3815,15
2 B 3816,15
2 B 3817,15
2 B 3818,15
2 B 3819,15
2 B 3820,15
2 B 3821,15
2 B 3822,15
2 B 3823,15
2 B 3824,15
2 B 3825,15
2 B 3826,15
2 B 3827,15
2 B 3828,15
2 B 3829,15
2 B 3830,15
2 B 3831,15
2 B 3832,15
2 B 3833,15
2 B 3834,15
2 B 3835,15
2 B 3836,15
2 B 3837,15
2 B 3838,15
2 B 3839,15
2 B 3840,15
2 B 3841,15
2 B 3842,15
2 B 3843,15
2 B 3844,15
2 B 3845,15
2 B 3846,15
2 B 3847,15
2 B 3848,15
2 B 3849,15
2 B 3850,15
2 B 3851,15
2 B 3852,15
2 B 3853,15
2 B 3854,15
2 B 3855,15
2 B 3856,15
2 B 3857,15
2 B 3858,15
2 B 3859,15
2 B 3860,15
2 B 3861,15
2 B 3862,15
2 B 3863,15
2 B 3864,15
2 B 3865,15
2 B 3866,15
2 B 3867,15
2 B 3868,15
2 B 3869,15
2 B 3870,15
2 B 3871,15
2 B 3872,15
2 B 3873,15
2 B 3874,15
2 B 3875,15
2 B 3876,15
2 B 3877,15
2 B 3878,15
2 B 3879,15
2 B 3880,15
2 B 3881,15
2 B 3882,15
2 B 3883,15
2 B 3884,15
2 B 3885,15
2 B 3886,15
2 B 3887,15
2 B 3888,15
2 B 3889,15
2 B 3890,15
2 B 3891,15
2 B 3892,15
2 B 3893,15
2 B 3894,15
2 B 3895,15
2 B 3896,15
2 B 3897,15
2 B 3898,15
2 B 3899,15
2 B 3900,15
2 B 3901,15
2 B 3902,15
2 B 3903,15
2 B 3904,15
2 B 3905,15
2 B 3906,15
2 B 3907,15
2 B 3908,15
2 B 3909,15
2 B 3910,15
2 B 3911,15
2 B 3912,15
2 B 3913,15
2 B 3914,15
2 B 3915,15
2 B 3916,15
2 B 3917,15
2 B 3918,15
2 B 3919,15
2 B 3920,15
2 B 3921,15
2 B 3922,15
2 B 3923,15
2 B 3924,15
2 B 3925,15
2 B 3926,15
2 B 3927,15
2 B 3928,15
2 B 3929,15
2 B 3930,15
2 B 3931,15
2 B 3932,15
2 B 3933,15
2 B 3934,15
2 B 3935,15
2 B 3936,15
2 B 3937,15
2 B 3938,15
2 B 3939,15
2 B 3940,15
2 B 3941,15
2 B 3942,15
2 B 3943,15
2 B 3944,15
2 B 3945,15
2 B 3946,15
2 B 3947,15
2 B 3948,15
2 B 3949,16
2 B 5125,17
2 B 5265,18
2 B 5616,19
2 B 5718,20
2 B 5945,21
2 B 6106,22
2 B 6282,23
2 B 6616,24
2 B 7303,25
2 B 7656,26
2 B 7790,27
2 B 8029,27
2 B 8030,27
2 B 8031,27
2 B 8032,27
2 B 8033,27
2 B 8034,27
2 B 8035,27
2 B 8036,27
2 B 8037,27
2 B 8038,27
2 B 8039,27
2 B 8040,27
2 B 8041,27
2 B 8042,27
2 B 8043,27
2 B 8044,27
2 B 8045,27
2 B 8046,27
2 B 8047,27
2 B 8048,27
2 B 8049,27
2 B 8050,27
2 B 8051,27
2 B 8052,27
2 B 8053,27
2 B 8054,27
2 B 8055,27
2 B 8056,27
2 B 8057,27
2 B 8058,27
2 B 8059,27
2 B 8060,27
2 B 8061,27
2 B 8062,27
2 B 8063,27
2 B 8064,27
2 B 8065,27
2 B 8066,27
2 B 8067,27
2 B 8068,27
2 B 8069,27
2 B 8070,27
2 B 8071,27
2 B 8072,27
2 B 8073,27
2 B 8074,27
2 B 8075,27
2 B 8076,27
2 B 8077,27
2 B 8078,27
2 B 8079,27
2 B 8080,27
2 B 8081,27
2 B 8082,27
2 B 8083,27
2 B 8084,27
2 B 8085,27
2 B 8086,27
2 B 8087,27
2 B 8088,27
2 B 8089,27
2 B 8090,27
2 B 8091,27
2 B 8092,27
2 B 8093,27
2 B 8094,27
2 B 8095,27
2 B 8096,27
2 B 8097,27
2 B 8098,27
2 B 8099,27
2 B 8100,27
2 B 8101,27
2 B 8102,27
2 B 8103,27
2 B 8104,27
2 B 8105,27
2 B 8106,27
2 B 8107,27
2 B 8108,27
2 B 8109,27
2 B 8110,27
2 B 8111,27
2 B 8112,27
2 B 8113,27
2 B 8114,27
2 B 8115,27
2 B 8116,27
2 B 8117,27
2 B 8118,27
2 B 8119,27
2 B 8120,27
2 B 8121,27
2 B 8122,27
2 B 8123,27
2 B 8124,27
2 B 8125,27
2 B 8126,27
2 B 8127,27
2 B 8128,27
2 B 8129,27
2 B 8130,27
2 B 8131,27
2 B 8132,27
2 B 8133,27
2 B 8134,27
2 B 8135,27
2 B 8136,27
2 B 8137,27
2 B 8138,27
2 B 8139,27
2 B 8140,27
2 B 8141,27
2 B 8142,27
2 B 8143,27
2 B 8144,27
2 B 8145,27
2 B 8146,27
2 B 8147,27
2 B 8148,27
2 B 8149,27
2 B 8150,27
2 B 8151,27
2 B 8152,27
2 B 8153,27
2 B 8154,27
2 B 8155,27
2 B 8156,27
2 B 8157,27
2 B 8158,27
2 B 8159,27
2 B 8160,27
2 B 8161,27
2 B 8162,27
2 B 8163,27
2 B 8164,27
2 B 8165,27
2 B 8166,27
2 B 8167,27
2 B 8168,27
2 B 8169,27
2 B 8170,27
2 B 8171,27
2 B 8172,27
2 B 8173,27
2 B 8174,27
2 B 8175,27
2 B 8176,27
2 B 8177,27
2 B 8178,27
2 B 8179,27
2 B 8180,27
2 B 8181,27
2 B 8182,27
2 B 8183,27
2 B 8184,27
2 B 8185,27
2 B 8186,27
2 B 8187,27
2 B 8188,27
2 B 8189,27
2 B 8190,27
2 B 8191,27
2 B 8192,27
2 B 8193,27
2 B 8194,27
2 B 8195,27
2 B 8196,27
2 B 8197,27
2 B 8198,27
2 B 8199,27
2 B 8200,27
2 B 8201,27
2 B 8202,27
2 B 8203,27
2 B 8204,27
2 B 8205,27
2 B 8206,27
2 B 8207,27
2 B 8208,27
2 B 8209,27
2 B 8210,27
2 B 8211,27
2 B 8212,27
2 B 8213,27
2 B 8214,27
2 B 8215,27
2 B 8216,27
2 B 8217,27
2 B 8218,27
2 B 8219,27
2 B 8220,27
2 B 8221,27
2 B 8222,27
2 B 8223,27
2 B 8224,27
2 B 8225,27
2 B 8226,27
2 B 8227,27
2 B 8228,27
2 B 8229,27
2 B 8230,27
2 B 8231,27
2 B 8232,27
2 B 8233,27
2 B 8234,27
2 B 8235,27
2 B 8236,27
2 B 8237,27
2 B 8238,27
2 B 8239,27
2 B 8240,27
2 B 8241,27
2 B 8242,27
2 B 8243,27
2 B 8244,27
2 B 8245,27
2 B 8246,27
2 B 8247,27
2 B 8248,27
2 B 8249,27
2 B 8250,27
2 B 8251,27
2 B 8252,27
2 B 8253,27
2 B 8254,27
2 B 8255,27
2 B 8256,27
2 B 8257,27
2 B 8258,27
2 B 8259,27
2 B 8260,27
2 B 8261,27
2 B 8262,27
2 B 8263,27
2 B 8264,27
2 B 8265,27
2 B 8266,27
2 B 8267,27
2 B 8268,27
2 B 8269,27
2 B 8270,27
2 B 8271,27
2 B 8272,27
2 B 8273,27
2 B 8274,27
2 B 8275,27
2 B 8276,27
2 B 8277,27
2 B 8278,27
2 B 8279,28
2 B 8280,28
2 B 8281,28
2 B 8282,28
2 B 8283,28
2 B 8284,28
2 B 8285,28
2 B 8286,28
2 B 8287,28
2 B 8288,28
2 B 8289,28
2 B 8291,28
2 B 8292,28
2 B 8293,28
2 B 8295,28
2 B 8296,28
2 B 8297,28
2 B 8298,28
2 B 8299,28
2 B 8300,28
2 B 8301,28
2 B 8302,28
2 B 8304,28
2 B 8305,28
2 B 8306,28
2 B 8307,28
2 B 8308,28
2 B 8310,28
2 B 8311,28
2 B 8312,28
2 B 8313,28
2 B 8314,28
2 B 8316,28
2 B 8318,28
2 B 8319,28
2 B 8320,28
2 B 8321,28
2 B 8322,28
2 B 8323,28
2 B 8324,28
2 B 8325,28
2 B 8326,28
2 B 8327,28
2 B 8328,28
2 B 8329,28
2 B 8330,28
2 B 8331,28
2 B 8332,28
2 B 8333,28
2 B 8334,28
2 B 8335,28
2 B 8336,28
2 B 8337,28
2 B 8338,28
2 B 8339,28
2 B 8340,28
2 B 8341,28
2 B 8342,28
2 B 8343,28
2 B 8344,28
2 B 8345,28
2 B 8346,28
2 B 8347,28
2 B 8348,28
2 B 8349,28
2 B 8350,28
2 B 8351,28
2 B 8352,28
2 B 8353,28
2 B 8354,28
2 B 8355,28
2 B 8356,28
2 B 8357,28
2 B 8358,28
2 B 8359,28
2 B 8360,28
2 B 8361,28
2 B 8362,28
2 B 8363,28
2 B 8364,28
2 B 8365,28
2 B 8366,28
2 B 8367,28
2 B 8368,28
2 B 8369,28
2 B 8370,28
2 B 8371,28
2 B 8372,28
2 B 8373,28
2 B 8374,28
2 B 8376,28
2 B 8377,28
2 B 8378,28
2 B 8379,28
2 B 8380,28
2 B 8381,28
2 B 8382,28
2 B 8383,28
2 B 8384,28
2 B 8385,28
2 B 8386,28
2 B 8387,28
2 B 8388,28
2 B 8389,28
2 B 8390,28
2 B 8391,28
2 B 8392,28
2 B 8393,28
2 B 8394,28
2 B 8395,28
2 B 8396,28
2 B 8397,28
2 B 8398,28
2 B 8399,28
2 B 8400,28
2 B 8401,28
2 B 8402,28
2 B 8403,28
2 B 8404,28
2 B 8405,28
2 B 8406,28
2 B 8407,28
2 B 8408,28
2 B 8409,28
2 B 8410,28
2 B 8411,28
2 B 8412,28
2 B 8413,28
2 B 8414,28
2 B 8415,28
2 B 8416,28
2 B 8417,28
2 B 8418,28
2 B 8419,28
2 B 8420,28
2 B 8421,28
2 B 8422,28
2 B 8423,28
2 B 8424,28
2 B 8425,28
2 B 8426,28
2 B 8427,28
2 B 8428,28
2 B 8429,28
2 B 8430,28
2 B 8431,28
2 B 8432,28
2 B 8433,28
2 B 8434,28
2 B 8435,28
2 B 8436,28
2 B 8437,28
2 B 8438,28
2 B 8439,28
2 B 8440,28
2 B 8441,28
2 B 8442,28
2 B 8443,28
2 B 8444,28
2 B 8445,28
2 B 8446,28
2 B 8447,28
2 B 8448,28
2 B 8449,28
2 B 8450,28
2 B 8451,28
2 B 8452,28
2 B 8453,28
2 B 8454,28
2 B 8455,28
2 B 8456,28
2 B 8457,28
2 B 8458,28
2 B 8459,28
2 B 8460,28
2 B 8461,28
2 B 8462,28
2 B 8463,28
2 B 8464,28
2 B 8465,28
2 B 8466,28
2 B 8467,28
2 B 8468,28
2 B 8469,28
2 B 8470,28
2 B 8471,28
2 B 8472,28
2 B 8473,28
2 B 8474,28
2 B 8475,28
2 B 8476,28
2 B 8477,28
2 B 8478,28
2 B 8479,28
2 B 8480,28
2 B 8481,28
2 B 8482,28
2 B 8483,28
2 B 8484,28
2 B 8485,28
2 B 8486,28
2 B 8489,28
2 B 8490,28
2 B 8491,28
2 B 8492,28
2 B 8493,28
2 B 8494,28
2 B 8495,28
2 B 8496,28
2 B 8497,28
2 B 8498,28
2 B 8499,29
2 B 9500,30
2 B 9501,30
2 B 9502,30
2 B 9503,30
2 B 9504,30
2 B 9505,30
2 B 9506,30
2 B 9507,30
2 B 9508,30
2 B 9509,30
2 B 9510,30
2 B 9511,30
2 B 9512,30
2 B 9513,30
2 B 9514,30
2 B 9515,30
2 B 9516,30
2 B 9517,30
2 B 9518,30
2 B 9519,30
2 B 9521,30
2 B 9522,31
2 B 10162,32
2 B 10185,33
2 B 10843,33
2 B 10844,34
2 B 11184,35
2 B 11369,36
2 B 11454,37
2 B 11464,38
2 B 11746,39
2 B 12092,40
2 B 12142,41
2 B 12546,42
2 B 12736,43
2 B 12795,44
2 B 13123,44
2 B 13124,44
2 B 13125,44
2 B 13126,44
2 B 13127,44
2 B 13128,44
2 B 13129,44
2 B 13130,44
2 B 13131,44
2 B 13132,44
2 B 13133,44
2 B 13134,44
2 B 13135,44
2 B 13136,44
2 B 13137,44
2 B 13138,44
2 B 13139,44
2 B 13140,44
2 B 13141,44
2 B 13142,44
2 B 13143,44
2 B 13144,44
2 B 13145,44
2 B 13146,44
2 B 13147,44
2 B 13148,44
2 B 13149,44
2 B 13150,44
2 B 13151,44
2 B 13152,44
2 B 13153,44
2 B 13154,44
2 B 13155,44
2 B 13156,44
2 B 13157,44
2 B 13158,44
2 B 13159,44
2 B 13160,44
2 B 13161,44
2 B 13162,44
2 B 13163,44
2 B 13164,44
2 B 13165,44
2 B 13166,44
2 B 13167,44
2 B 13168,44
2 B 13169,44
2 B 13170,44
2 B 13171,44
2 B 13172,44
2 B 13173,44
2 B 13174,44
2 B 13175,44
2 B 13176,44
2 B 13177,44
2 B 13178,44
2 B 13179,44
2 B 13180,44
2 B 13181,44
2 B 13182,44
2 B 13183,44
2 B 13184,44
2 B 13185,44
2 B 13186,44
2 B 13187,44
2 B 13188,44
2 B 13189,44
2 B 13190,44
2 B 13191,44
2 B 13192,44
2 B 13193,44
2 B 13194,44
2 B 13195,44
2 B 13197,44
2 B 13198,44
2 B 13199,45
2 B 13200,45
2 B 13201,45
2 B 13202,45
2 B 13203,45
2 B 13204,45
2 B 13205,45
2 B 13206,45
2 B 13207,45
2 B 13208,45
2 B 13209,45
2 B 13210,45
2 B 13211,45
2 B 13212,45
2 B 13213,45
2 B 13214,45
2 B 13215,45
2 B 13216,45
2 B 13217,45
2 B 13218,45
2 B 13219,45
2 B 13220,45
2 B 13221,45
2 B 13222,45
2 B 13223,45
2 B 13224,45
2 B 13225,45
2 B 13226,45
2 B 13227,45
2 B 13228,45
2 B 13229,45
2 B 13230,45
2 B 13231,45
2 B 13232,45
2 B 13233,45
2 B 13234,45
2 B 13235,45
2 B 13236,45
2 B 13237,45
2 B 13238,45
2 B 13239,45
2 B 13240,45
2 B 13242,45
2 B 13243,45
2 B 13245,45
2 B 13246,45
2 B 13247,45
2 B 13248,45
2 B 13249,45
2 B 13251,45
2 B 13252,45
2 B 13253,45
2 B 13254,45
2 B 13255,45
2 B 13256,45
2 B 13257,45
2 B 13258,45
2 B 13259,45
2 B 13260,45
2 B 13261,45
2 B 13263,45
2 B 13265,45
2 B 13266,45
2 B 13267,45
2 B 13268,45
2 B 13269,45
2 B 13270,45
2 B 13271,45
2 B 13272,45
2 B 13273,45
2 B 13274,45
2 B 13275,45
2 B 13276,45
2 B 13277,45
2 B 13278,45
2 B 13279,45
2 B 13281,45
2 B 13282,45
2 B 13284,45
2 B 13285,45
2 B 13286,45
2 B 13287,45
2 B 13288,45
2 B 13289,45
2 B 13290,45
2 B 13291,45
2 B 13292,45
2 B 13293,45
2 B 13294,45
2 B 13295,45
2 B 13296,45
2 B 13297,45
2 B 13298,45
2 B 13299,45
2 B 13300,45
2 B 13301,45
2 B 13302,45
2 B 13303,45
2 B 13304,45
2 B 13305,45
2 B 13306,45
2 B 13308,45
2 B 13309,45
2 B 13310,45
2 B 13311,45
2 B 13312,45
2 B 13313,45
2 B 13314,45
2 B 13315,45
2 B 13316,45
2 B 13317,45
2 B 13318,45
2 B 13320,45
2 B 13321,45
2 B 13322,45
2 B 13323,45
2 B 13325,45
2 B 13326,45
2 B 13328,45
2 B 13329,45
2 B 13330,45
2 B 13331,45
2 B 13332,45
2 B 13333,45
2 B 13334,45
2 B 13335,45
2 B 13336,45
2 B 13337,45
2 B 13338,45
2 B 13339,45
2 B 13340,45
2 B 13341,45
2 B 13342,45
2 B 13343,45
2 B 13344,45
2 B 13345,45
2 B 13346,45
2 B 13347,45
2 B 13348,45
2 B 13350,45
2 B 13351,45
2 B 13352,45
2 B 13353,45
2 B 13354,45
2 B 13355,45
2 B 13356,45
2 B 13357,45
2 B 13358,45
2 B 13359,45
2 B 13360,45
2 B 13361,45
2 B 13362,45
2 B 13363,45
2 B 13364,45
2 B 13365,46
2 B 13603,46
2 B 13604,46
2 B 13605,46
2 B 13606,46
2 B 13607,46
2 B 13608,46
2 B 13609,46
2 B 13610,46
2 B 13611,46
2 B 13612,46
2 B 13613,46
2 B 13614,46
2 B 13615,46
2 B 13616,46
2 B 13617,46
2 B 13618,46
2 B 13619,46
2 B 13620,46
2 B 13621,46
2 B 13622,46
2 B 13623,46
2 B 13624,46
2 B 13625,46
2 B 13626,46
2 B 13627,46
2 B 13628,46
2 B 13629,46
2 B 13630,46
2 B 13631,46
2 B 13632,46
2 B 13633,46
2 B 13634,46
2 B 13635,46
2 B 13636,46
2 B 13637,46
2 B 13638,46
2 B 13639,46
2 B 13640,46
2 B 13641,46
2 B 13642,46
2 B 13643,46
2 B 13644,46
2 B 13645,46
2 B 13646,46
2 B 13647,46
2 B 13648,46
2 B 13649,46
2 B 13650,46
2 B 13651,46
2 B 13652,46
2 B 13653,46
2 B 13654,46
2 B 13655,46
2 B 13656,46
2 B 13657,46
2 B 13658,46
2 B 13659,46
2 B 13660,46
2 B 13661,46
2 B 13662,46
2 B 13663,46
2 B 13664,46
2 B 13665,46
2 B 13666,46
2 B 13667,46
2 B 13668,46
2 B 13669,46
2 B 13670,46
2 B 13671,46
2 B 13672,46
2 B 13673,46
2 B 13674,46
2 B 13675,46
2 B 13676,46
2 B 13677,46
2 B 13678,46
2 B 13679,46
2 B 13680,46
2 B 13681,46
2 B 13682,46
2 B 13683,46
2 B 13684,46
2 B 13685,46
2 B 13686,46
2 B 13687,46
2 B 13688,46
2 B 13689,46
2 B 13690,46
2 B 13691,46
2 B 13692,46
2 B 13693,46
2 B 13694,46
2 B 13695,46
2 B 13696,46
2 B 13697,46
2 B 13698,46
2 B 13699,46
2 B 13700,46
2 B 13701,46
2 B 13702,46
2 B 13703,46
2 B 13704,46
2 B 13705,46
2 B 13706,46
2 B 13707,46
2 B 13708,46
2 B 13709,46
2 B 13710,46
2 B 13711,46
2 B 13712,46
2 B 13713,46
2 B 13714,46
2 B 13715,46
2 B 13716,46
2 B 13717,46
2 B 13718,46
2 B 13719,46
2 B 13720,46
2 B 13721,46
2 B 13722,46
2 B 13723,46
2 B 13724,46
2 B 13725,46
2 B 13726,46
2 B 13727,46
2 B 13728,46
2 B 13729,46
2 B 13730,46
2 B 13731,46
2 B 13732,46
2 B 13733,46
2 B 13734,46
2 B 13735,46
2 B 13736,46
2 B 13737,46
2 B 13738,46
2 B 13739,46
2 B 13740,46
2 B 13741,46
2 B 13742,46
2 B 13743,46
2 B 13744,46
2 B 13745,46
2 B 13746,46
2 B 13747,46
2 B 13748,46
2 B 13749,46
2 B 13750,46
2 B 13751,46
2 B 13752,46
2 B 13753,46
2 B 13754,46
2 B 13755,46
2 B 13756,46
2 B 13757,46
2 B 13758,46
2 B 13759,46
2 B 13760,46
2 B 13761,46
2 B 13762,46
2 B 13763,46
2 B 13764,46
2 B 13765,46
2 B 13766,46
2 B 13767,46
2 B 13768,46
2 B 13769,46
2 B 13770,46
2 B 13771,46
2 B 13772,46
2 B 13773,46
2 B 13774,46
2 B 13775,46
2 B 13776,46
2 B 13777,46
2 B 13778,46
2 B 13779,46
2 B 13780,46
2 B 13781,46
2 B 13782,46
2 B 13783,46
2 B 13784,46
2 B 13785,46
2 B 13786,46
2 B 13787,46
2 B 13788,46
2 B 13789,46
2 B 13790,46
2 B 13791,46
2 B 13792,46
2 B 13793,46
2 B 13794,46
2 B 13795,46
2 B 13796,46
2 B 13797,46
2 B 13798,46
2 B 13799,46
2 B 13800,46
2 B 13801,46
2 B 13802,46
2 B 13803,46
2 B 13804,46
2 B 13805,46
2 B 13806,46
2 B 13807,46
2 B 13808,46
2 B 13809,46
2 B 13810,46
2 B 13811,46
2 B 13812,46
2 B 13813,46
2 B 13814,46
2 B 13815,46
2 B 13816,46
2 B 13817,46
2 B 13818,46
2 B 13819,46
2 B 13820,46
2 B 13821,46
2 B 13822,46
2 B 13823,46
2 B 13824,46
2 B 13825,46
2 B 13826,46
2 B 13827,46
2 B 13828,46
2 B 13829,46
2 B 13830,46
2 B 13831,46
2 B 13832,46
2 B 13833,46
2 B 13834,47
2 B 13864,48
2 B 13887,49
2 B 13950,49
2 B 13951,49
2 B 13952,49
2 B 13953,49
2 B 13954,49
2 B 13955,49
2 B 13957,49
2 B 13958,49
2 B 13959,49
2 B 13960,49
2 B 13961,49
2 B 13962,49
2 B 13963,49
2 B 13964,49
2 B 13965,49
2 B 13966,49
2 B 13967,49
2 B 13968,49
2 B 13969,49
2 B 13970,49
2 B 13971,49
2 B 13972,49
2 B 13973,49
2 B 13974,49
2 B 13975,49
2 B 13976,49
2 B 13977,49
2 B 13978,49
2 B 13979,49
2 B 13980,49
2 B 13981,49
2 B 13982,49
2 B 13983,49
2 B 13984,49
2 B 13985,49
2 B 13986,49
2 B 13987,49
2 B 13988,49
2 B 13989,49
2 B 13990,49
2 B 13991,49
2 B 13992,49
2 B 13993,49
2 B 13994,49
2 B 13995,49
2 B 13996,49
2 B 13997,49
2 B 13998,49
2 B 13999,49
2 B 14000,49
2 B 14001,49
2 B 14002,49
2 B 14003,49
2 B 14004,49
2 B 14005,49
2 B 14006,49
2 B 14007,49
2 B 14008,49
2 B 14009,49
2 B 14010,49
2 B 14011,49
2 B 14012,49
2 B 14013,49
2 B 14014,49
2 B 14015,49
2 B 14016,49
2 B 14018,49
2 B 14019,49
2 B 14020,49
2 B 14021,49
2 B 14022,49
2 B 14023,49
2 B 14024,49
2 B 14025,49
2 B 14026,49
2 B 14027,49
2 B 14028,49
2 B 14029,49
2 B 14030,49
2 B 14031,49
2 B 14032,49
2 B 14033,49
2 B 14034,49
2 B 14035,49
2 B 14036,49
2 B 14037,49
2 B 14038,49
2 B 14039,49
2 B 14040,49
2 B 14041,49
2 B 14042,49
2 B 14043,49
2 B 14044,49
2 B 14045,49
2 B 14046,49
2 B 14047,49
2 B 14048,49
2 B 14049,49
2 B 14050,49
2 B 14051,49
2 B 14052,49
2 B 14053,49
2 B 14054,49
2 B 14055,49
2 B 14056,49
2 B 14057,49
2 B 14058,49
2 B 14059,49
2 B 14060,49
2 B 14061,49
2 B 14062,49
2 B 14063,49
2 B 14064,49
2 B 14065,49
2 B 14066,49
2 B 14067,49
2 B 14068,49
2 B 14069,49
2 B 14070,49
2 B 14071,49
2 B 14072,49
2 B 14073,49
2 B 14074,49
2 B 14075,49
2 B 14076,49
2 B 14077,49
2 B 14078,49
2 B 14079,49
2 B 14080,49
2 B 14081,49
2 B 14082,49
2 B 14083,49
2 B 14084,49
2 B 14085,49
2 B 14086,49
2 B 14087,49
2 B 14088,49
2 B 14089,49
2 B 14090,49
2 B 14091,49
2 B 14092,49
2 B 14093,49
2 B 14094,49
2 B 14095,49
2 B 14096,49
2 B 14098,49
2 B 14099,49
2 B 14100,49
2 B 14101,49
2 B 14102,49
2 B 14103,50
2 B 14104,50
2 B 14105,50
2 B 14106,50
2 B 14107,50
2 B 14108,50
2 B 14109,50
2 B 14110,50
2 B 14111,50
2 B 14112,50
2 B 14113,50
2 B 14114,50
2 B 14115,50
2 B 14116,50
2 B 14117,50
2 B 14118,50
2 B 14119,50
2 B 14120,50
2 B 14121,50
2 B 14122,50
2 B 14123,50
2 B 14124,50
2 B 14125,50
2 B 14126,50
2 B 14127,50
2 B 14128,50
2 B 14129,50
2 B 14130,50
2 B 14131,50
2 B 14132,50
2 B 14133,50
2 B 14134,50
2 B 14135,50
2 B 14136,50
2 B 14137,50
2 B 14138,50
2 B 14139,50
2 B 14140,50
2 B 14141,50
2 B 14142,50
2 B 14143,50
2 B 14144,50
2 B 14145,50
2 B 14146,50
2 B 14147,50
2 B 14148,50
2 B 14149,50
2 B 14150,50
2 B 14151,50
2 B 14152,50
2 B 14153,50
2 B 14154,51
2 B 14627,51
2 B 14628,51
2 B 14629,51
2 B 14630,51
2 B 14632,51
2 B 14633,51
2 B 14634,51
2 B 14635,51
2 B 14636,51
2 B 14637,51
2 B 14638,51
2 B 14639,51
2 B 14640,51
2 B 14641,51
2 B 14642,51
2 B 14643,51
2 B 14644,51
2 B 14645,51
2 B 14646,51
2 B 14647,51
2 B 14648,51
2 B 14649,51
2 B 14650,51
2 B 14651,51
2 B 14652,51
2 B 14653,51
2 B 14654,51
2 B 14656,51
2 B 14657,51
2 B 14658,51
2 B 14659,51
2 B 14660,51
2 B 14661,51
2 B 14662,51
2 B 14663,51
2 B 14664,51
2 B 14666,51
2 B 14667,51
2 B 14668,51
2 B 14669,51
2 B 14670,51
2 B 14671,51
2 B 14673,51
2 B 14675,51
2 B 14677,51
2 B 14678,51
2 B 14679,51
2 B 14680,51
2 B 14681,51
2 B 14682,51
2 B 14683,51
2 B 14684,51
2 B 14685,51
2 B 14687,51
2 B 14688,51
2 B 14689,51
2 B 14690,51
2 B 14691,51
2 B 14692,51
2 B 14693,51
2 B 14695,51
2 B 14696,51
2 B 14697,51
2 B 14698,51
2 B 14699,51
2 B 14700,51
2 B 14701,51
2 B 14702,51
2 B 14704,51
2 B 14705,51
2 B 14707,51
2 B 14711,51
2 B 14712,51
2 B 14713,51
2 B 14714,51
2 B 14715,51
2 B 14716,51
2 B 14717,51
2 B 14718,51
2 B 14720,51
2 B 14723,51
2 B 14724,51
2 B 14725,51
2 B 14726,51
2 B 14727,51
2 B 14728,51
2 B 14729,51
2 B 14730,51
2 B 14732,51
2 B 14733,51
2 B 14735,51
2 B 14736,51
2 B 14737,51
2 B 14740,51
2 B 14742,51
2 B 14744,51
2 B 14747,51
2 B 14748,51
2 B 14749,51
2 B 14750,51
2 B 14751,51
2 B 14752,51
2 B 14753,51
2 B 14754,51
2 B 14755,51
2 B 14756,51
2 B 14759,51
2 B 14761,51
2 B 14762,51
2 B 14763,51
2 B 14764,51
2 B 14765,52
2 B 14787,52
2 B 14788,52
2 B 14789,52
2 B 14790,52
2 B 14791,52
2 B 14792,52
2 B 14793,52
2 B 14794,52
2 B 14795,52
2 B 14796,52
2 B 14797,52
2 B 14798,52
2 B 14799,52
2 B 14800,52
2 B 14801,52
2 B 14802,52
2 B 14803,52
2 B 14804,52
2 B 14805,52
2 B 14806,52
2 B 14807,52
2 B 14808,52
2 B 14809,52
2 B 14810,52
2 B 14811,52
2 B 14812,52
2 B 14813,52
2 B 14814,52
2 B 14815,52
2 B 14816,52
2 B 14817,52
2 B 14818,52
2 B 14819,52
2 B 14820,52
2 B 14821,52
2 B 14822,52
2 B 14823,52
2 B 14824,52
2 B 14825,52
2 B 14826,52
2 B 14827,52
2 B 14828,52
2 B 14829,52
2 B 14830,52
2 B 14831,52
2 B 14832,52
2 B 14833,52
2 B 14834,52
2 B 14835,52
2 B 14836,52
2 B 14837,52
2 B 14838,52
2 B 14839,52
2 B 14840,52
2 B 14841,52
2 B 14842,52
2 B 14843,52
2 B 14844,52
2 B 14845,52
2 B 14846,52
2 B 14847,52
2 B 14848,52
2 B 14849,52
2 B 14850,52
2 B 14851,52
2 B 14852,52
2 B 14853,52
2 B 14854,52
2 B 14855,52
2 B 14856,52
2 B 14857,52
2 B 14858,52
2 B 14859,52
2 B 14860,52
2 B 14861,52
2 B 14862,52
2 B 14863,52
2 B 14864,52
2 B 14865,52
2 B 14866,52
2 B 14867,52
2 B 14868,52
2 B 14869,52
2 B 14870,52
2 B 14871,52
2 B 14872,52
2 B 14873,52
2 B 14874,52
2 B 14875,52
2 B 14876,52
2 B 14877,52
2 B 14878,52
2 B 14879,52
2 B 14880,52
2 B 14881,52
2 B 14882,52
2 B 14883,52
2 B 14884,52
2 B 14885,52
2 B 14886,52
2 B 14887,52
2 B 14888,52
2 B 14889,52
2 B 14890,52
2 B 14891,52
2 B 14892,52
2 B 14893,52
2 B 14894,52
2 B 14895,52
2 B 14896,52
2 B 14897,52
2 B 14898,52
2 B 14899,52
2 B 14900,52
2 B 14901,52
2 B 14902,52
2 B 14903,52
2 B 14904,52
2 B 14905,52
2 B 14906,52
2 B 14907,52
2 B 14908,52
2 B 14909,52
2 B 14910,52
2 B 14911,52
2 B 14912,52
2 B 14913,52
2 B 14914,52
2 B 14915,52
2 B 14916,52
2 B 14917,52
2 B 14918,52
2 B 14919,52
2 B 14920,52
2 B 14921,52
2 B 14922,52
2 B 14923,52
2 B 14924,52
2 B 14925,52
2 B 14926,52
2 B 14927,52
2 B 14928,52
2 B 14929,52
2 B 14930,52
2 B 14931,52
2 B 14932,52
2 B 14933,52
2 B 14934,52
2 B 14935,52
2 B 14936,52
2 B 14937,52
2 B 14938,52
2 B 14939,52
2 B 14940,52
2 B 14941,52
2 B 14942,52
2 B 14943,52
2 B 14944,52
2 B 14945,52
2 B 14946,52
2 B 14947,52
2 B 14948,52
2 B 14949,52
2 B 14950,52
2 B 14951,52
2 B 14952,52
2 B 14953,52
2 B 14954,52
2 B 14955,52
2 B 14956,52
2 B 14957,52
2 B 14958,52
2 B 14959,52
2 B 14960,52
2 B 14961,52
2 B 14962,52
2 B 14963,52
2 B 14964,52
2 B 14965,52
2 B 14966,52
2 B 14967,52
2 B 14968,52
2 B 14969,52
2 B 14970,52
2 B 14971,52
2 B 14972,52
2 B 14973,52
2 B 14974,52
2 B 14975,52
2 B 14976,52
2 B 14977,52
2 B 14978,52
2 B 14979,52
2 B 14980,52
2 B 14981,52
2 B 14982,52
2 B 14983,52
2 B 14984,52
2 B 14985,52
2 B 14986,52
2 B 14987,52
2 B 14988,52
2 B 14989,52
2 B 14990,52
2 B 14991,52
2 B 14992,52
2 B 14993,52
2 B 14994,52
2 B 14995,52
2 B 14996,52
2 B 14997,52
2 B 14998,52
2 B 14999,52
2 B 15000,52
2 B 15001,52
2 B 15002,52
2 B 15003,52
2 B 15004,52
2 B 15005,52
2 B 15006,52
2 B 15007,52
2 B 15008,52
2 B 15009,52
2 B 15010,52
2 B 15011,52
2 B 15012,52
2 B 15013,52
2 B 15014,52
2 B 15015,52
2 B 15016,52
2 B 15017,52
2 B 15018,52
2 B 15019,52
2 B 15020,52
2 B 15021,52
2 B 15022,52
2 B 15023,52
2 B 15024,52
2 B 15025,52
2 B 15026,52
2 B 15027,52
2 B 15028,52
2 B 15029,52
2 B 15030,52
2 B 15031,52
2 B 15032,52
2 B 15033,52
2 B 15034,52
2 B 15035,52
2 B 15036,52
2 B 15037,52
2 B 15038,52
2 B 15039,52
2 B 15040,52
2 B 15041,52
2 B 15042,52
2 B 15043,52
2 B 15044,52
2 B 15045,52
2 B 15046,52
2 B 15047,52
2 B 15048,52
2 B 15049,52
2 B 15050,52
2 B 15051,52
2 B 15052,52
2 B 15053,52
2 B 15054,52
2 B 15055,52
2 B 15056,52
2 B 15057,52
2 B 15058,52
2 B 15059,52
2 B 15060,52
2 B 15061,52
2 B 15062,52
2 B 15063,52
2 B 15064,52
2 B 15065,52
2 B 15066,52
2 B 15067,52
2 B 15068,52
2 B 15069,52
2 B 15070,52
2 B 15071,52
2 B 15072,52
2 B 15073,52
2 B 15074,52
2 B 15075,52
2 B 15076,52
2 B 15077,52
2 B 15078,52
2 B 15079,52
2 B 15080,52
2 B 15081,52
2 B 15082,52
2 B 15083,52
2 B 15084,52
2 B 15085,52
2 B 15086,52
2 B 15087,52
2 B 15088,52
2 B 15089,52
2 B 15090,52
2 B 15091,52
2 B 15092,52
2 B 15093,52
2 B 15094,52
2 B 15095,52
2 B 15096,52
2 B 15097,52
2 B 15098,52
2 B 15099,52
2 B 15100,52
2 B 15101,52
2 B 15102,52
2 B 15103,52
2 B 15104,52
2 B 15105,52
2 B 15106,52
2 B 15107,52
2 B 15108,52
2 B 15109,52
2 B 15110,52
2 B 15111,52
2 B 15112,52
2 B 15113,52
2 B 15114,52
2 B 15115,52
2 B 15116,52
2 B 15117,52
2 B 15118,52
2 B 15119,52
2 B 15120,52
2 B 15121,52
2 B 15122,52
2 B 15123,52
2 B 15124,52
2 B 15125,52
2 B 15126,52
2 B 15127,52
2 B 15128,52
2 B 15129,52
2 B 15130,52
2 B 15131,52
2 B 15132,52
2 B 15133,52
2 B 15134,52
2 B 15135,52
2 B 15136,52
2 B 15137,52
2 B 15138,52
2 B 15139,52
2 B 15140,52
2 B 15141,52
2 B 15142,52
2 B 15143,52
2 B 15144,52
2 B 15145,52
2 B 15146,52
2 B 15147,52
2 B 15148,52
2 B 15149,52
2 B 15150,52
2 B 15151,52
2 B 15152,52
2 B 15153,52
2 B 15154,52
2 B 15155,52
2 B 15156,52
2 B 15157,52
2 B 15158,52
2 B 15159,52
2 B 15160,52
2 B 15161,52
2 B 15162,52
2 B 15163,52
2 B 15164,52
2 B 15165,52
2 B 15166,52
2 B 15167,52
2 B 15168,52
2 B 15169,52
2 B 15170,52
2 B 15171,52
2 B 15172,52
2 B 15173,52
2 B 15174,52
2 B 15175,52
2 B 15176,52
2 B 15177,52
2 B 15178,52
2 B 15179,52
2 B 15180,52
2 B 15181,52
2 B 15182,52
2 B 15183,52
2 B 15184,52
2 B 15185,52
2 B 15186,52
2 B 15187,52
2 B 15188,52
2 B 15189,52
2 B 15190,52
2 B 15191,52
2 B 15192,52
2 B 15193,52
2 B 15194,52
2 B 15195,52
2 B 15196,52
2 B 15197,52
2 B 15198,52
2 B 15199,52
2 B 15200,52
2 B 15201,52
2 B 15202,52
2 B 15203,52
2 B 15204,52
2 B 15205,52
2 B 15206,52
2 B 15207,52
2 B 15208,52
2 B 15209,52
2 B 15210,52
2 B 15211,52
2 B 15212,52
2 B 15213,52
2 B 15214,52
2 B 15215,52
2 B 15216,52
2 B 15217,52
2 B 15218,52
2 B 15219,52
2 B 15220,52
2 B 15221,52
2 B 15222,52
2 B 15223,52
2 B 15224,52
2 B 15225,52
2 B 15226,52
2 B 15227,52
2 B 15228,52
2 B 15229,52
2 B 15230,52
2 B 15231,52
2 B 15232,52
2 B 15233,52
2 B 15234,52
2 B 15235,52
2 B 15236,52
2 B 15237,52
2 B 15238,52
2 B 15239,52
2 B 15240,52
2 B 15241,52
2 B 15242,52
2 B 15243,52
2 B 15244,52
2 B 15245,52
2 B 15246,52
2 B 15247,52
2 B 15248,52
2 B 15249,52
2 B 15250,52
2 B 15251,52
2 B 15252,52
2 B 15253,52
2 B 15254,52
2 B 15255,52
2 B 15256,52
2 B 15257,52
2 B 15258,52
2 B 15259,52
2 B 15260,52
2 B 15261,52
2 B 15262,52
2 B 15263,52
2 B 15264,52
2 B 15265,52
2 B 15266,52
2 B 15267,52
2 B 15268,52
2 B 15269,52
2 B 15270,52
2 B 15271,52
2 B 15272,52
2 B 15273,52
2 B 15274,52
2 B 15275,53
2 B 15276,53
2 B 15277,53
2 B 15278,53
2 B 15279,53
2 B 15280,53
2 B 15281,53
2 B 15282,53
2 B 15283,53
2 B 15284,53
2 B 15285,53
2 B 15286,53
2 B 15287,53
2 B 15288,53
2 B 15289,53
2 B 15290,53
2 B 15291,53
2 B 15292,53
2 B 15293,53
2 B 15294,53
2 B 15295,53
2 B 15296,53
2 B 15297,53
2 B 15298,53
2 B 15299,53
2 B 15300,53
2 B 15301,53
2 B 15302,53
2 B 15303,53
2 B 15304,53
2 B 15305,53
2 B 15306,53
2 B 15307,53
2 B 15308,53
2 B 15309,53
2 B 15310,53
2 B 15311,53
2 B 15312,53
2 B 15313,53
2 B 15314,53
2 B 15315,53
2 B 15316,53
2 B 15317,53
2 B 15318,53
2 B 15319,53
2 B 15320,53
2 B 15321,53
2 B 15322,53
2 B 15323,53
2 B 15324,53
2 B 15325,53
2 B 15326,53
2 B 15327,53
2 B 15328,53
2 B 15329,53
2 B 15330,53
2 B 15331,53
2 B 15332,53
2 B 15333,53
2 B 15334,53
2 B 15335,53
2 B 15336,53
2 B 15337,53
2 B 15338,53
2 B 15339,53
2 B 15340,53
2 B 15341,53
2 B 15342,53
2 B 15343,53
2 B 15344,53
2 B 15345,53
2 B 15346,53
2 B 15347,53
2 B 15348,53
2 B 15349,53
2 B 15350,53
2 B 15351,53
2 B 15352,53
2 B 15353,53
2 B 15354,53
2 B 15355,53
2 B 15356,53
2 B 15357,53
2 B 15358,53
2 B 15359,53
2 B 15360,53
2 B 15361,53
2 B 15362,53
2 B 15363,53
2 B 15364,53
2 B 15365,53
2 B 15366,53
2 B 15367,53
2 B 15368,53
2 B 15369,53
2 B 15370,53
2 B 15371,53
2 B 15372,53
2 B 15373,53
2 B 15374,53
2 B 15375,53
2 B 15376,53
2 B 15377,53
2 B 15378,53
2 B 15379,53
2 B 15380,53
2 B 15381,53
2 B 15382,53
2 B 15383,53
2 B 15384,53
2 B 15385,53
2 B 15386,53
2 B 15387,53
2 B 15388,53
2 B 15389,53
2 B 15390,53
2 B 15391,53
2 B 15392,53
2 B 15393,53
2 B 15394,53
2 B 15395,53
2 B 15396,53
2 B 15397,53
2 B 15398,53
2 B 15399,53
2 B 15400,53
2 B 15401,53
2 B 15402,53
2 B 15403,53
2 B 15404,53
2 B 15405,53
2 B 15406,53
2 B 15407,53
2 B 15408,53
2 B 15409,53
2 B 15410,53
2 B 15411,53
2 B 15412,53
2 B 15413,53
2 B 15414,53
2 B 15415,53
2 B 15416,53
2 B 15417,53
2 B 15418,53
2 B 15419,53
2 B 15420,53
2 B 15421,53
2 B 15422,53
2 B 15423,53
2 B 15424,53
2 B 15425,53
2 B 15426,53
2 B 15427,53
2 B 15428,53
2 B 15429,53
2 B 15430,53
2 B 15431,53
2 B 15432,53
2 B 15433,53
2 B 15434,53
2 B 15435,53
2 B 15436,53
2 B 15437,53
2 B 15438,53
2 B 15439,53
2 B 15440,53
2 B 15441,53
2 B 15442,53
2 B 15443,53
2 B 15444,53
2 B 15445,53
2 B 15446,53
2 B 15447,53
2 B 15448,53
2 B 15449,53
2 B 15450,53
2 B 15451,53
2 B 15452,53
2 B 15453,53
2 B 15454,53
2 B 15455,53
2 B 15456,53
2 B 15457,53
2 B 15458,53
2 B 15459,53
2 B 15460,53
2 B 15461,53
2 B 15462,53
2 B 15463,53
2 B 15464,53
2 B 15465,53
2 B 15466,53
2 B 15467,53
2 B 15468,53
2 B 15469,53
2 B 15470,53
2 B 15471,53
2 B 15472,53
2 B 15473,53
2 B 15474,53
2 B 15475,53
2 B 15476,53
2 B 15477,53
2 B 15478,53
2 B 15479,53
2 B 15480,53
2 B 15481,53
2 B 15482,53
2 B 15483,53
2 B 15484,53
2 B 15485,53
2 B 15486,53
2 B 15487,53
2 B 15488,53
2 B 15489,53
2 B 15490,53
2 B 15491,53
2 B 15492,53
2 B 15493,53
2 B 15494,53
2 B 15495,53
2 B 15496,53
2 B 15497,53
2 B 15498,53
2 B 15499,53
2 B 15500,53
2 B 15501,53
2 B 15502,53
2 B 15503,53
2 B 15504,53
2 B 15505,53
2 B 15506,53
2 B 15507,53
2 B 15508,53
2 B 15509,53
2 B 15510,53
2 B 15511,53
2 B 15512,53
2 B 15513,53
2 B 15514,53
2 B 15515,53
2 B 15516,53
2 B 15517,53
2 B 15518,53
2 B 15519,53
2 B 15520,53
2 B 15521,53
2 B 15522,53
2 B 15523,53
2 B 15524,53
2 B 15525,53
2 B 15526,53
2 B 15527,53
2 B 15528,53
2 B 15529,53
2 B 15530,53
2 B 15531,53
2 B 15532,53
2 B 15533,53
2 B 15534,53
2 B 15535,53
2 B 15536,53
2 B 15537,53
2 B 15538,53
2 B 15539,53
2 B 15540,53
2 B 15541,53
2 B 15542,53
2 B 15543,53
2 B 15544,53
2 B 15545,54
2 B 15546,54
2 B 15547,54
2 B 15548,55
2 B 15549,55
2 B 15550,55
2 B 15551,55
2 B 15552,55
2 B 15553,55
2 B 15554,55
2 B 15555,55
2 B 15556,55
2 B 15557,55
2 B 15558,55
2 B 15559,55
2 B 15560,55
2 B 15561,55
2 B 15562,55
2 B 15563,55
2 B 15564,55
2 B 15565,55
2 B 15566,55
2 B 15567,55
2 B 15568,55
2 B 15569,55
2 B 15570,55
2 B 15571,55
2 B 15572,55
2 B 15573,55
2 B 15574,55
2 B 15575,55
2 B 15576,55
2 B 15577,55
2 B 15578,55
2 B 15579,55
2 B 15580,55
2 B 15581,55
2 B 15582,55
2 B 15583,55
2 B 15584,55
2 B 15585,55
2 B 15586,55
2 B 15587,55
2 B 15588,55
2 B 15589,55
2 B 15590,55
2 B 15591,55
2 B 15592,55
2 B 15593,55
2 B 15594,55
2 B 15595,55
2 B 15596,55
2 B 15597,55
2 B 15598,55
2 B 15599,55
2 B 15600,55
2 B 15601,55
2 B 15602,55
2 B 15603,55
2 B 15604,55
2 B 15605,55
2 B 15606,55
2 B 15607,55
2 B 15608,55
2 B 15609,55
2 B 15610,55
2 B 15611,55
2 B 15612,55
2 B 15613,55
2 B 15614,55
2 B 15615,55
2 B 15616,55
2 B 15617,55
2 B 15618,55
2 B 15619,55
2 B 15620,55
2 B 15621,55
2 B 15622,55
2 B 15623,55
2 B 15624,55
2 B 15625,55
2 B 15626,55
2 B 15627,55
2 B 15628,55
2 B 15629,55
2 B 15630,55
2 B 15631,55
2 B 15632,55
2 B 15633,55
2 B 15634,55
2 B 15635,55
2 B 15636,55
2 B 15637,55
2 B 15638,55
2 B 15639,55
2 B 15640,55
2 B 15641,55
2 B 15642,55
2 B 15643,55
2 B 15644,55
2 B 15645,55
2 B 15646,55
2 B 15647,55
2 B 15648,55
2 B 15649,55
2 B 15650,55
2 B 15651,55
2 B 15652,55
2 B 15653,55
2 B 15654,55
2 B 15655,55
2 B 15656,55
2 B 15657,55
2 B 15658,55
2 B 15659,55
2 B 15660,55
2 B 15661,55
2 B 15662,55
2 B 15663,55
2 B 15664,55
2 B 15665,55
2 B 15666,55
2 B 15667,55
2 B 15668,55
2 B 15669,55
2 B 15670,55
2 B 15671,55
2 B 15672,55
2 B 15673,55
2 B 15674,55
2 B 15675,55
2 B 15676,55
2 B 15677,55
2 B 15678,55
2 B 15679,55
2 B 15680,55
2 B 15681,55
2 B 15682,55
2 B 15683,55
2 B 15684,55
2 B 15685,55
2 B 15686,55
2 B 15687,55
2 B 15688,55
2 B 15689,55
2 B 15690,55
2 B 15691,55
2 B 15692,55
2 B 15693,55
2 B 15694,55
2 B 15695,55
2 B 15696,55
2 B 15697,55
2 B 15698,55
2 B 15699,55
2 B 15700,55
2 B 15701,55
2 B 15702,55
2 B 15703,55
2 B 15704,55
2 B 15705,55
2 B 15706,55
2 B 15707,55
2 B 15708,55
2 B 15709,55
2 B 15710,55
2 B 15711,55
2 B 15712,55
2 B 15713,55
2 B 15714,55
2 B 15715,55
2 B 15716,55
2 B 15717,55
2 B 15718,55
2 B 15719,55
2 B 15720,55
2 B 15721,55
2 B 15722,55
2 B 15723,55
2 B 15724,55
2 B 15725,55
2 B 15726,55
2 B 15727,55
2 B 15728,55
2 B 15729,55
2 B 15730,55
2 B 15731,55
2 B 15732,55
2 B 15733,55
2 B 15734,55
2 B 15735,55
2 B 15736,55
2 B 15737,55
2 B 15738,55
2 B 15739,55
2 B 15740,55
2 B 15741,55
2 B 15742,55
2 B 15743,55
2 B 15744,55
2 B 15745,55
2 B 15746,55
2 B 15747,55
2 B 15748,55
2 B 15749,55
2 B 15750,55
2 B 15751,55
2 B 15752,55
2 B 15753,55
2 B 15754,55
2 B 15755,55
2 B 15756,55
2 B 15757,55
2 B 15758,55
2 B 15759,55
2 B 15760,55
2 B 15761,55
2 B 15762,55
2 B 15763,55
2 B 15764,55
2 B 15765,55
2 B 15766,55
2 B 15767,55
2 B 15768,55
2 B 15769,55
2 B 15770,55
2 B 15771,55
2 B 15772,55
2 B 15773,55
2 B 15774,55
2 B 15775,55
2 B 15776,55
2 B 15777,55
2 B 15778,55
2 B 15779,55
2 B 15780,55
2 B 15781,55
2 B 15782,55
2 B 15783,55
2 B 15784,55
2 B 15785,55
2 B 15786,55
2 B 15787,55
2 B 15788,55
2 B 15789,55
2 B 15790,55
2 B 15791,55
2 B 15792,55
2 B 15793,55
2 B 15794,55
2 B 15795,55
2 B 15796,55
2 B 15797,55
2 B 15798,55
2 B 15799,55
2 B 15800,55
2 B 15801,55
2 B 15802,55
2 B 15803,55
2 B 15804,55
2 B 15805,55
2 B 15806,55
2 B 15807,55
2 B 15808,55
2 B 15809,55
2 B 15810,55
2 B 15811,55
2 B 15812,55
2 B 15813,55
2 B 15814,55
2 B 15815,55
2 B 15816,55
2 B 15817,55
2 B 15818,55
2 B 15819,55
2 B 15820,55
2 B 15821,55
2 B 15822,55
2 B 15823,55
2 B 15824,55
2 B 15825,55
2 B 15826,55
2 B 15827,55
2 B 15828,55
2 B 15829,55
2 B 15830,55
2 B 15831,55
2 B 15832,55
2 B 15833,55
2 B 15834,55
2 B 15835,55
2 B 15836,55
2 B 15837,55
2 B 15838,55
2 B 15839,55
2 B 15840,55
2 B 15841,55
2 B 15842,55
2 B 15843,55
2 B 15844,55
2 B 15845,55
2 B 15846,55
2 B 15847,55
2 B 15848,55
2 B 15849,55
2 B 15850,55
2 B 15851,55
2 B 15852,55
2 B 15853,55
2 B 15854,55
2 B 15855,55
2 B 15856,55
2 B 15857,55
2 B 15858,55
2 B 15859,55
2 B 15860,55
2 B 15861,55
2 B 15862,55
2 B 15863,56
2 B 15864,56
2 B 15865,56
2 B 15866,56
2 B 15867,56
2 B 15868,56
2 B 15869,57
2 B 15870,57
2 B 15871,57
2 B 15872,57
2 B 15873,57
2 B 15874,57
2 B 15875,57
2 B 15876,57
2 B 15877,57
2 B 15878,57
2 B 15879,57
2 B 15880,57
2 B 15881,57
2 B 15882,57
2 B 15883,57
2 B 15884,57
2 B 15885,57
2 B 15886,58
2 B 15887,58
2 B 15888,58
2 B 15889,58
2 B 15890,58
2 B 15891,58
2 B 15892,58
2 B 15893,58
2 B 15894,58
2 B 15895,58
2 B 15896,58
2 B 15897,58
2 B 15898,58
2 B 15899,58
2 B 15900,58
2 B 15901,58
2 B 15902,58
2 B 15903,58
2 B 15904,58
2 B 15905,58
2 B 15906,58
2 B 15907,58
2 B 15908,58
2 B 15909,58
2 B 15910,59
2 B 15911,59
2 B 15912,59
2 B 15913,59
2 B 15914,59
2 B 15915,59
2 B 15916,59
2 B 15917,59
2 B 15918,59
2 B 15919,59
2 B 15920,59
2 B 15921,59
2 B 15922,59
2 B 15923,59
2 B 15924,59
2 B 15925,59
2 B 15926,59
2 B 15927,59
2 B 15928,59
2 B 15929,59
2 B 15930,59
2 B 15931,59
2 B 15932,59
2 B 15933,59
2 B 15934,59
2 B 15935,59
2 B 15936,59
2 B 15937,59
2 B 15938,59
2 B 15939,59
2 B 15940,59
2 B 15941,59
2 B 15942,59
2 B 15943,59
2 B 15944,59
2 B 15945,59
2 B 15946,59
2 B 15947,59
2 B 15948,59
2 B 15949,59
2 B 15950,59
2 B 15951,59
2 B 15952,59
2 B 15953,59
2 B 15954,59
2 B 15955,59
2 B 15956,59
2 B 15957,59
2 B 15958,59
2 B 15959,59
2 B 15960,59
2 B 15961,59
2 B 15962,59
2 B 15963,59
2 B 15964,59
2 B 15965,59
2 B 15966,59
2 B 15967,59
2 B 15968,59
2 B 15969,59
2 B 15970,59
2 B 15971,59
2 B 15972,59
2 B 15973,59
2 B 15974,59
2 B 15975,59
2 B 15976,59
2 B 15977,59
2 B 15978,59
2 B 15979,59
2 B 15980,59
2 B 15981,59
2 B 15982,59
2 B 15983,59
2 B 15984,59
2 B 15985,59
2 B 15986,59
2 B 15987,59
2 B 15988,59
2 B 15989,59
2 B 15990,59
2 B 15991,59
2 B 15992,59
2 B 15993,59
2 B 15994,59
2 B 15995,59
2 B 15996,59
2 B 15997,59
2 B 15998,59
2 B 15999,59
2 B 16000,59
2 B 16001,59
2 B 16002,59
2 B 16003,59
2 B 16004,59
2 B 16005,59
2 B 16006,59
2 B 16007,59
2 B 16008,59
2 B 16009,59
2 B 16010,59
2 B 16011,59
2 B 16012,59
2 B 16013,59
2 B 16014,59
2 B 16015,59
2 B 16016,59
2 B 16017,59
2 B 16018,59
2 B 16019,59
2 B 16020,59
2 B 16021,59
2 B 16022,59
2 B 16023,59
2 B 16024,59
2 B 16025,59
2 B 16026,59
2 B 16027,59
2 B 16028,59
2 B 16029,59
2 B 16030,59
2 B 16031,59
2 B 16032,59
2 B 16033,59
2 B 16034,59
2 B 16035,59
2 B 16036,59
2 B 16037,59
2 B 16038,59
2 B 16039,59
2 B 16040,59
2 B 16041,59
2 B 16042,59
2 B 16043,59
2 B 16044,59
2 B 16045,59
2 B 16046,59
2 B 16047,59
2 B 16048,59
2 B 16049,59
2 B 16050,59
2 B 16051,59
2 B 16052,59
2 B 16053,59
2 B 16054,59
2 B 16055,59
2 B 16056,59
2 B 16057,59
2 B 16058,59
2 B 16059,59
2 B 16060,59
2 B 16061,59
2 B 16062,59
2 B 16063,59
2 B 16064,59
2 B 16065,59
2 B 16066,59
2 B 16067,59
2 B 16068,59
2 B 16069,59
2 B 16070,59
2 B 16071,59
2 B 16072,59
2 B 16073,59
2 B 16074,59
2 B 16075,59
2 B 16076,59
2 B 16077,59
2 B 16078,59
2 B 16079,59
2 B 16080,59
2 B 16081,59
2 B 16082,59
2 B 16083,59
2 B 16084,59
2 B 16085,59
2 B 16086,59
2 B 16087,59
2 B 16088,59
2 B 16089,59
2 B 16090,59
2 B 16091,59
2 B 16092,59
2 B 16093,59
2 B 16094,59
2 B 16095,59
2 B 16096,59
2 B 16097,59
2 B 16098,59
2 B 16099,59
2 B 16100,59
2 B 16101,59
2 B 16102,59
2 B 16103,59
2 B 16104,59
2 B 16105,59
2 B 16106,59
2 B 16107,59
2 B 16108,59
2 B 16109,59
2 B 16110,59
2 B 16111,59
2 B 16112,59
2 B 16113,59
2 B 16114,59
2 B 16115,59
2 B 16116,59
2 B 16117,59
2 B 16118,59
2 B 16119,59
2 B 16120,59
2 B 16121,59
2 B 16122,59
2 B 16123,59
2 B 16124,59
2 B 16125,59
2 B 16126,59
2 B 16127,59
2 B 16128,59
2 B 16129,59
2 B 16130,59
2 B 16131,59
2 B 16132,59
2 B 16133,59
2 B 16134,59
2 B 16135,59
2 B 16136,59
2 B 16137,59
2 B 16138,59
2 B 16139,59
2 B 16140,59
2 B 16141,59
2 B 16142,59
2 B 16143,59
2 B 16144,59
2 B 16145,59
2 B 16146,59
2 B 16147,59
2 B 16148,59
2 B 16149,59
2 B 16150,59
2 B 16151,59
2 B 16152,59
2 B 16153,59
2 B 16154,59
2 B 16155,59
2 B 16156,59
2 B 16157,59
2 B 16158,59
2 B 16159,59
2 B 16160,59
2 B 16161,59
2 B 16162,59
2 B 16163,59
2 B 16164,59
2 B 16165,59
2 B 16166,59
2 B 16167,59
2 B 16168,59
2 B 16169,59
2 B 16170,59
2 B 16171,59
2 B 16172,59
2 B 16173,59
2 B 16174,59
2 B 16175,59
2 B 16176,59
2 B 16177,59
2 B 16178,59
2 B 16179,59
2 B 16180,59
2 B 16181,59
2 B 16182,59
2 B 16183,59
2 B 16184,59
2 B 16185,59
2 B 16186,59
2 B 16187,59
2 B 16188,59
2 B 16189,59
2 B 16190,59
2 B 16191,59
2 B 16192,59
2 B 16193,59
2 B 16194,59
2 B 16195,59
2 B 16196,59
2 B 16197,59
2 B 16198,59
2 B 16199,59
2 B 16200,59
2 B 16201,59
2 B 16202,59
2 B 16203,59
2 B 16204,59
2 B 16205,59
2 B 16206,59
2 B 16207,59
2 B 16208,59
2 B 16209,59
2 B 16210,59
2 B 16211,59
2 B 16212,59
2 B 16213,59
2 B 16214,59
2 B 16215,59
2 B 16216,59
2 B 16217,59
2 B 16218,59
2 B 16219,59
2 B 16220,59
2 B 16221,59
2 B 16222,59
2 B 16223,59
2 B 16224,59
2 B 16225,59
2 B 16226,59
2 B 16227,59
2 B 16228,59
2 B 16229,59
2 B 16230,59
2 B 16231,59
2 B 16232,59
2 B 16233,59
2 B 16234,59
2 B 16235,59
2 B 16236,59
2 B 16237,59
2 B 16238,59
2 B 16239,59
2 B 16240,59
2 B 16241,59
2 B 16242,59
2 B 16243,59
2 B 16244,59
2 B 16245,59
2 B 16246,59
2 B 16247,59
2 B 16248,59
2 B 16249,59
2 B 16250,59
2 B 16251,59
2 B 16252,59
2 B 16253,59
2 B 16254,59
2 B 16255,59
2 B 16256,59
2 B 16257,59
2 B 16258,59
2 B 16259,59
2 B 16260,59
2 B 16261,59
2 B 16262,59
2 B 16263,59
2 B 16264,59
2 B 16265,59
2 B 16266,59
2 B 16267,59
2 B 16268,59
2 B 16269,59
2 B 16270,59
2 B 16271,59
2 B 16272,59
2 B 16273,59
2 B 16274,59
2 B 16275,59
2 B 16276,59
2 B 16277,59
2 B 16278,59
2 B 16279,59
2 B 16280,59
2 B 16281,59
2 B 16282,59
2 B 16283,59
2 B 16284,59
2 B 16285,59
2 B 16286,59
2 B 16287,59
2 B 16288,59
2 B 16289,59
2 B 16290,59
2 B 16291,59
2 B 16292,59
2 B 16293,59
2 B 16294,59
2 B 16295,59
2 B 16296,59
2 B 16297,59
2 B 16298,59
2 B 16299,59
2 B 16300,59
2 B 16301,59
2 B 16302,59
2 B 16303,59
2 B 16304,59
2 B 16305,59
2 B 16306,59
2 B 16307,59
2 B 16308,59
2 B 16309,59
2 B 16310,59
2 B 16311,59
2 B 16312,59
2 B 16313,59
2 B 16314,59
2 B 16315,59
2 B 16316,59
2 B 16317,59
2 B 16318,59
2 B 16319,59
2 B 16320,59
2 B 16321,59
2 B 16322,59
2 B 16323,59
2 B 16324,59
2 B 16325,59
2 B 16326,59
2 B 16327,59
2 B 16328,59
2 B 16329,59
2 B 16330,59
2 B 16331,59
2 B 16332,59
2 B 16333,59
2 B 16334,59
2 B 16335,59
2 B 16336,59
2 B 16337,59
2 B 16338,59
2 B 16339,59
2 B 16340,59
2 B 16341,59
2 B 16342,59
2 B 16343,59
2 B 16344,59
2 B 16345,59
2 B 16346,59
2 B 16347,59
2 B 16348,59
2 B 16349,59
2 B 16350,59
2 B 16351,59
2 B 16352,59
2 B 16353,59
2 B 16354,59
2 B 16355,59
2 B 16356,59
2 B 16357,59
2 B 16358,59
2 B 16359,59
2 B 16360,59
2 B 16361,59
2 B 16362,59
2 B 16363,59
2 B 16364,59
2 B 16365,59
2 B 16366,59
2 B 16367,59
2 B 16368,59
2 B 16369,59
2 B 16370,59
2 B 16371,59
2 B 16372,59
2 B 16373,59
2 B 16374,59
2 B 16375,59
2 B 16376,59
2 B 16377,59
2 B 16378,59
2 B 16379,59
2 B 16380,59
2 B 16381,59
2 B 16382,59
2 B 16383,59
2 B 16384,59
2 B 16385,59
2 B 16386,59
2 B 16387,59
2 B 16388,59
2 B 16389,59
2 B 16390,59
2 B 16391,59
2 B 16392,59
2 B 16393,59
2 B 16394,59
2 B 16395,59
2 B 16396,59
2 B 16397,59
2 B 16398,59
2 B 16399,59
2 B 16400,59
2 B 16401,59
2 B 16402,59
2 B 16403,59
2 B 16404,59
2 B 16405,59
2 B 16406,59
2 B 16407,59
2 B 16408,59
2 B 16409,59
2 B 16410,59
2 B 16411,59
2 B 16412,59
2 B 16413,59
2 B 16414,59
2 B 16415,59
2 B 16416,59
2 B 16417,59
2 B 16418,59
2 B 16419,59
2 B 16420,59
2 B 16421,59
2 B 16422,59
2 B 16423,59
2 B 16424,59
2 B 16425,59
2 B 16426,59
2 B 16427,59
2 B 16428,59
2 B 16429,59
2 B 16430,59
2 B 16431,59
2 B 16432,59
2 B 16433,59
2 B 16434,59
2 B 16435,59
2 B 16436,59
2 B 16437,59
2 B 16438,59
2 B 16439,59
2 B 16440,59
2 B 16441,59
2 B 16442,59
2 B 16443,59
2 B 16444,59
2 B 16445,59
2 B 16446,59
2 B 16447,59
2 B 16448,59
2 B 16449,59
2 B 16450,59
2 B 16451,59
2 B 16452,59
2 B 16453,59
2 B 16454,59
2 B 16455,59
2 B 16456,59
2 B 16457,59
2 B 16458,59
2 B 16459,59
2 B 16460,59
2 B 16461,59
2 B 16462,59
2 B 16463,59
2 B 16464,59
2 B 16465,59
2 B 16466,59
2 B 16467,59
2 B 16468,59
2 B 16469,59
2 B 16470,59
2 B 16471,59
2 B 16472,59
2 B 16473,59
2 B 16474,59
2 B 16475,59
2 B 16476,59
2 B 16477,59
2 B 16478,59
2 B 16479,59
2 B 16480,59
2 B 16481,59
2 B 16482,59
2 B 16483,59
2 B 16484,59
2 B 16485,59
2 B 16486,59
2 B 16487,59
2 B 16488,59
2 B 16489,59
2 B 16490,59
2 B 16491,59
2 B 16492,59
2 B 16493,59
2 B 16494,59
2 B 16495,59
2 B 16496,59
2 B 16497,59
2 B 16498,59
2 B 16499,59
2 B 16500,59
2 B 16501,59
2 B 16502,59
2 B 16503,59
2 B 16504,59
2 B 16505,59
2 B 16506,59
2 B 16507,59
2 B 16508,59
2 B 16509,59
2 B 16510,59
2 B 16511,59
2 B 16512,59
2 B 16513,59
2 B 16514,59
2 B 16515,59
2 B 16516,59
2 B 16517,59
2 B 16518,59
2 B 16519,59
2 B 16520,59
2 B 16521,59
2 B 16522,59
2 B 16523,59
2 B 16524,59
2 B 16525,59
2 B 16526,59
2 B 16527,59
2 B 16528,59
2 B 16529,59
2 B 16530,59
2 B 16531,59
2 B 16532,59
2 B 16533,59
2 B 16534,59
2 B 16535,59
2 B 16536,59
2 B 16537,59
2 B 16538,59
2 B 16539,59
2 B 16540,59
2 B 16541,59
2 B 16542,59
2 B 16543,59
2 B 16544,59
2 B 16545,59
2 B 16546,59
2 B 16547,59
2 B 16548,59
2 B 16549,59
2 B 16550,59
2 B 16551,59
2 B 16552,59
2 B 16553,59
2 B 16554,59
2 B 16555,59
2 B 16556,59
2 B 16557,59
2 B 16558,59
2 B 16559,59
2 B 16560,59
2 B 16561,59
2 B 16562,59
2 B 16563,59
2 B 16564,59
2 B 16565,59
2 B 16566,59
2 B 16567,59
2 B 16568,59
2 B 16569,59
2 B 16570,59
2 B 16571,59
2 B 16572,59
2 B 16573,59
2 B 16574,59
2 B 16575,59
2 B 16576,59
2 B 16577,59
2 B 16578,59
2 B 16579,59
2 B 16580,59
2 B 16581,59
2 B 16582,59
2 B 16583,59
2 B 16584,59
2 B 16585,59
2 B 16586,59
2 B 16587,59
2 B 16588,59
2 B 16589,59
2 B 16590,59
2 B 16591,59
2 B 16592,59
2 B 16593,59
2 B 16594,59
2 B 16595,59
2 B 16596,59
2 B 16597,59
2 B 16598,59
2 B 16599,59
2 B 16600,59
2 B 16601,59
2 B 16602,59
2 B 16603,59
2 B 16604,59
2 B 16605,59
2 B 16606,59
2 B 16607,59
2 B 16608,59
2 B 16609,59
2 B 16610,59
2 B 16611,59
2 B 16612,59
2 B 16613,59
2 B 16614,59
2 B 16615,59
2 B 16616,59
2 B 16617,59
2 B 16618,59
2 B 16619,59
2 B 16620,59
2 B 16621,59
2 B 16622,59
2 B 16623,59
2 B 16624,59
2 B 16625,59
2 B 16626,59
2 B 16627,59
2 B 16628,59
2 B 16629,59
2 B 16630,59
2 B 16631,59
2 B 16632,59
2 B 16633,59
2 B 16634,59
2 B 16635,59
2 B 16636,59
2 B 16637,59
2 B 16638,59
2 B 16639,59
2 B 16640,59
2 B 16641,59
2 B 16642,59
2 B 16643,59
2 B 16644,59
2 B 16645,59
2 B 16646,59
2 B 16647,59
2 B 16648,59
2 B 16649,59
2 B 16650,59
2 B 16651,59
2 B 16652,59
2 B 16653,59
2 B 16654,59
2 B 16655,59
2 B 16656,59
2 B 16657,59
2 B 16658,59
2 B 16659,59
2 B 16660,59
2 B 16661,59
2 B 16662,59
2 B 16663,59
2 B 16664,59
2 B 16665,59
2 B 16666,59
2 B 16667,59
2 B 16668,59
2 B 16669,59
2 B 16670,59
2 B 16671,59
2 B 16672,59
2 B 16673,59
2 B 16674,59
2 B 16675,59
2 B 16676,59
2 B 16677,59
2 B 16678,59
2 B 16679,59
2 B 16680,59
2 B 16681,59
2 B 16682,59
2 B 16683,59
2 B 16684,59
2 B 16685,59
2 B 16686,59
2 B 16687,59
2 B 16688,59
2 B 16689,59
2 B 16690,59
2 B 16691,59
2 B 16692,59
2 B 16693,59
2 B 16694,59
2 B 16695,59
2 B 16696,59
2 B 16697,59
2 B 16698,59
2 B 16699,59
2 B 16700,59
2 B 16701,59
2 B 16702,59
2 B 16703,59
2 B 16704,59
2 B 16705,59
2 B 16706,59
2 B 16707,59
2 B 16708,59
2 B 16709,59
2 B 16710,59
2 B 16711,59
2 B 16712,59
2 B 16713,59
2 B 16714,59
2 B 16715,59
2 B 16716,59
2 B 16717,59
2 B 16718,59
2 B 16719,59
2 B 16720,59
2 B 16721,59
2 B 16722,59
2 B 16723,59
2 B 16724,59
2 B 16725,59
2 B 16726,59
2 B 16727,59
2 B 16728,59
2 B 16729,59
2 B 16730,59
2 B 16731,59
2 B 16732,59
2 B 16733,59
2 B 16734,59
2 B 16735,59
2 B 16736,59
2 B 16737,59
2 B 16738,59
2 B 16739,59
2 B 16740,59
2 B 16741,59
2 B 16742,59
2 B 16743,59
2 B 16744,59
2 B 16745,59
2 B 16746,59
2 B 16747,59
2 B 16748,59
2 B 16749,59
2 B 16750,59
2 B 16751,59
2 B 16752,59
2 B 16753,59
2 B 16754,59
2 B 16755,59
2 B 16756,59
2 B 16757,59
2 B 16758,59
2 B 16759,59
2 B 16760,59
2 B 16761,59
2 B 16762,59
2 B 16763,59
2 B 16764,59
2 B 16765,59
2 B 16766,59
2 B 16767,59
2 B 16768,59
2 B 16769,59
2 B 16770,59
2 B 16771,59
2 B 16772,59
2 B 16773,59
2 B 16774,59
2 B 16775,59
2 B 16776,59
2 B 16777,59
2 B 16778,59
2 B 16779,59
2 B 16780,59
2 B 16781,59
2 B 16782,59
2 B 16783,59
2 B 16784,59
2 B 16785,59
2 B 16786,59
2 B 16787,59
2 B 16788,59
2 B 16789,59
2 B 16790,59
2 B 16791,59
2 B 16792,59
2 B 16793,59
2 B 16794,59
2 B 16795,59
2 B 16796,59
2 B 16797,59
2 B 16798,59
2 B 16799,59
2 B 16800,59
2 B 16801,59
2 B 16802,59
2 B 16803,59
2 B 16804,59
2 B 16805,59
2 B 16806,59
2 B 16807,59
2 B 16808,59
2 B 16809,59
2 B 16810,59
2 B 16811,59
2 B 16812,60
2 B 21000,61
2 B 21001,61
2 B 21002,62
2 B 22907,63
2 B 23744,64
2 B 24688,65
3 B 568,65
3 B 569,66
3 B 574,66
3 B 575,67
3 B 577,67
3 B 578,67
3 B 579,67
3 B 580,67
3 B 581,67
3 B 582,67
3 B 583,67
3 B 584,67
3 B 585,67
3 B 586,67
3 B 587,67
3 B 588,68
8 B 708,68
8 B 709,68
8 B 710,68
8 B 711,68
8 B 712,68
8 B 713,68
8 B 714,68
8 B 715,68
8 B 716,68
8 B 717,69
8 B 720,70
8 B 722,71
8 B 723,71
8 B 724,71
8 B 726,71
8 B 727,71
8 B 728,71
8 B 729,72
8 B 732,72
8 B 733,72
8 B 734,72
8 B 735,72
8 B 736,72
8 B 738,72
8 B 740,72
8 B 742,72
8 B 743,72
8 B 744,72
8 B 745,72
8 B 746,72
8 B 747,72
8 B 750,72
8 B 751,72
8 B 752,72
8 B 753,72
8 B 754,72
8 B 755,72
8 B 756,72
8 B 757,72
8 B 758,72
8 B 759,72
8 B 760,72
8 B 761,72
8 B 762,72
8 B 763,72
8 B 764,72
8 B 765,72
8 B 766,72
8 B 767,72
8 B 768,72
8 B 769,72
8 B 770,72
8 B 771,72
8 B 772,72
8 B 773,72
8 B 774,72
8 B 775,72
8 B 776,72
8 B 777,72
8 B 778,72
8 B 779,72
8 B 780,72
8 B 781,72
8 B 782,72
8 B 783,72
8 B 784,72
8 B 785,72
8 B 786,72
8 B 787,72
8 B 788,72
8 B 789,72
8 B 790,72
8 B 791,72
8 B 792,72
8 B 794,72
8 B 795,72
8 B 796,72
8 B 797,72
8 B 798,72
8 B 799,72
8 B 800,72
8 B 801,72
8 B 802,72
8 B 803,72
8 B 804,72
8 B 805,72
8 B 806,72
8 B 807,72
8 B 808,72
8 B 809,72
8 B 810,72
8 B 811,72
8 B 812,72
8 B 813,72
8 B 814,72
8 B 815,72
8 B 816,72
8 B 817,72
8 B 818,72
8 B 819,72
8 B 820,72
8 B 821,72
8 B 822,72
8 B 823,72
8 B 824,72
8 B 825,72
8 B 826,72
8 B 827,72
8 B 828,72
8 B 829,72
8 B 830,72
8 B 831,72
8 B 832,72
8 B 833,72
8 B 834,72
8 B 835,72
8 B 836,72
8 B 837,72
8 B 838,72
8 B 839,72
8 B 840,72
8 B 841,72
8 B 842,72
8 B 843,72
8 B 844,72
8 B 845,72
8 B 846,72
8 B 847,72
8 B 848,72
8 B 849,72
8 B 850,72
8 B 851,72
8 B 852,72
8 B 853,72
8 B 854,72
8 B 855,72
8 B 856,72
8 B 857,72
8 B 858,72
8 B 859,72
8 B 860,72
8 B 861,72
8 B 862,72
8 B 863,72
8 B 864,72
8 B 865,72
8 B 866,72
8 B 867,72
8 B 868,72
8 B 869,72
8 B 870,72
8 B 871,72
8 B 872,72
8 B 873,72
8 B 874,72
8 B 875,72
8 B 876,72
8 B 877,72
8 B 878,72
8 B 879,72
8 B 880,72
8 B 881,72
8 B 882,72
8 B 883,72
8 B 884,72
8 B 885,72
8 B 886,72
8 B 887,72
8 B 888,72
8 B 889,72
8 B 890,72
8 B 891,72
8 B 892,72
8 B 893,72
8 B 894,72
8 B 895,72
8 B 896,72
8 B 897,72
8 B 898,72
8 B 899,72
8 B 900,72
8 B 901,72
8 B 902,72
8 B 903,72
8 B 904,72
8 B 905,72
8 B 906,72
8 B 907,72
8 B 908,72
8 B 909,72
8 B 910,72
8 B 911,72
8 B 912,72
8 B 913,72
8 B 914,72
8 B 915,72
8 B 916,72
8 B 917,72
8 B 918,72
8 B 919,72
8 B 920,72
8 B 921,72
8 B 922,72
8 B 923,72
8 B 924,72
8 B 925,72
8 B 926,72
8 B 927,72
8 B 928,72
8 B 929,72
8 B 930,72
8 B 931,72
8 B 932,72
8 B 933,72
8 B 934,72
8 B 935,72
8 B 936,72
8 B 938,72
8 B 939,72
8 B 940,72
8 B 941,72
8 B 942,72
8 B 944,72
8 B 945,72
8 B 946,72
8 B 947,72
8 B 948,72
8 B 949,72
8 B 950,72
8 B 952,72
8 B 953,72
8 B 954,72
8 B 955,72
8 B 956,72
8 B 957,72
8 B 958,72
8 B 959,72
8 B 960,72
8 B 961,72
8 B 962,72
8 B 963,72
8 B 964,72
8 B 965,72
8 B 966,72
8 B 967,72
8 B 968,72
8 B 969,72
8 B 970,72
8 B 971,72
8 B 972,72
8 B 973,72
8 B 974,72
8 B 975,72
8 B 976,72
8 B 977,72
8 B 978,72
8 B 979,72
8 B 980,72
8 B 981,72
8 B 982,72
8 B 983,72
8 B 984,72
8 B 985,72
8 B 986,72
8 B 987,72
8 B 988,72
8 B 989,72
8 B 990,72
8 B 991,72
8 B 992,72
8 B 993,72
8 B 994,72
8 B 995,72
8 B 996,72
8 B 997,72
8 B 998,72
8 B 999,72
8 B 1000,72
8 B 1001,72
8 B 1002,72
8 B 1003,72
8 B 1004,72
8 B 1005,72
8 B 1006,72
8 B 1007,72
8 B 1008,72
8 B 1009,72
8 B 1010,72
8 B 1011,72
8 B 1012,72
8 B 1013,72
8 B 1014,72
8 B 1015,72
8 B 1016,72
8 B 1017,72
8 B 1018,72
8 B 1019,72
8 B 1020,72
8 B 1021,72
8 B 1022,72
8 B 1023,72
8 B 1024,72
8 B 1025,72
8 B 1026,72
8 B 1027,72
8 B 1028,72
8 B 1029,72
8 B 1030,72
8 B 1031,72
8 B 1032,72
8 B 1033,72
8 B 1034,72
8 B 1035,72
8 B 1036,72
8 B 1037,72
8 B 1038,72
8 B 1039,72
8 B 1040,72
8 B 1041,72
8 B 1042,72
8 B 1043,72
8 B 1044,72
8 B 1045,72
8 B 1046,72
8 B 1047,72
8 B 1048,72
8 B 1049,72
8 B 1050,72
8 B 1051,72
8 B 1052,72
8 B 1053,72
8 B 1054,72
8 B 1055,72
8 B 1056,72
8 B 1057,72
8 B 1058,72
8 B 1059,72
8 B 1060,72
8 B 1061,72
8 B 1062,72
8 B 1063,72
8 B 1064,72
8 B 1065,72
8 B 1066,72
8 B 1067,72
8 B 1068,72
8 B 1069,72
8 B 1070,72
8 B 1071,72
8 B 1072,72
8 B 1073,72
8 B 1074,72
8 B 1075,72
8 B 1076,72
8 B 1077,72
8 B 1078,72
8 B 1079,72
8 B 1080,72
8 B 1081,72
8 B 1082,72
8 B 1083,72
8 B 1084,72
8 B 1085,72
8 B 1086,72
8 B 1087,72
8 B 1088,72
8 B 1089,72
8 B 1090,72
8 B 1091,72
8 B 1092,72
8 B 1093,72
8 B 1094,72
8 B 1096,72
8 B 1098,72
8 B 1099,72
8 B 1100,73
8 B 1101,73
8 B 1102,74
8 B 1103,75
8 B 1104,75
8 B 1105,76
8 B 1106,77
8 B 1107,77
8 B 1108,77
8 B 1109,77
8 B 1110,77
8 B 1111,77
8 B 1112,77
8 B 1113,77
8 B 1114,77
8 B 1115,77
8 B 1116,77
8 B 1117,77
8 B 1118,77
8 B 1119,77
8 B 1120,77
8 B 1121,77
8 B 1122,77
8 B 1123,77
8 B 1124,77
8 B 1125,77
8 B 1126,77
8 B 1127,77
8 B 1128,77
8 B 1129,77
8 B 1130,77
8 B 1131,77
8 B 1132,77
8 B 1133,77
8 B 1134,77
8 B 1135,77
8 B 1136,77
8 B 1137,77
8 B 1138,77
8 B 1139,77
8 B 1140,77
8 B 1141,77
8 B 1142,77
8 B 1143,77
8 B 1144,77
8 B 1145,77
8 B 1146,77
8 B 1147,77
8 B 1148,77
8 B 1149,77
8 B 1150,77
8 B 1151,77
8 B 1152,77
8 B 1153,77
8 B 1154,77
8 B 1155,77
8 B 1156,77
8 B 1157,77
8 B 1158,77
8 B 1159,77
8 B 1160,77
8 B 1161,77
8 B 1162,77
8 B 1163,77
8 B 1164,77
8 B 1165,77
8 B 1166,77
8 B 1167,77
8 B 1168,77
8 B 1169,77
8 B 1170,77
8 B 1171,77
8 B 1172,77
8 B 1173,77
8 B 1174,77
8 B 1175,77
8 B 1176,77
8 B 1177,77
8 B 1178,77
8 B 1179,77
8 B 1180,77
8 B 1181,77
8 B 1182,77
8 B 1183,77
8 B 1184,77
8 B 1185,77
8 B 1186,77
8 B 1187,77
8 B 1188,77
8 B 1189,77
8 B 1190,77
8 B 1191,77
8 B 1192,77
8 B 1193,77
8 B 1194,77
8 B 1195,77
8 B 1196,77
8 B 1197,77
8 B 1198,77
8 B 1199,77
8 B 1200,77
8 B 1201,77
8 B 1202,77
8 B 1203,77
8 B 1204,77
8 B 1205,77
8 B 1206,77
8 B 1207,77
8 B 1208,77
8 B 1209,77
8 B 1210,77
8 B 1211,77
8 B 1212,77
8 B 1213,78
8 B 1317,78
8 B 1318,78
8 B 1319,78
2 B 1345,79
2 B 2061,5
2 B 2062,5
2 B 2063,5
2 B 2064,5
2 B 2065,5
2 B 2066,5
2 B 2067,5
2 B 2068,5
2 B 2070,5
2 B 2071,5
2 B 2072,5
2 B 2074,5
2 B 2075,5
2 B 2076,5
2 B 2077,5
2 B 2078,5
2 B 2079,5
2 B 2081,5
2 B 2082,5
2 B 2083,5
2 B 2084,5
2 B 2085,5
2 B 2087,5
2 B 2088,5
2 B 2089,5
2 B 2091,5
2 B 2092,5
2 B 2093,5
2 B 2094,5
2 B 2095,5
2 B 2096,5
2 B 2097,5
2 B 2099,5
2 B 2100,5
2 B 2101,5
2 B 2102,5
2 B 2103,5
2 B 2104,5
2 B 2105,5
2 B 2106,5
2 B 2107,5
2 B 2108,5
2 B 2109,5
2 B 2110,5
2 B 2111,5
2 B 2112,5
2 B 2113,5
2 B 2114,5
2 B 2115,5
2 B 2116,5
2 B 2117,5
2 B 2118,5
2 B 2119,5
2 B 2120,5
2 B 2121,5
2 B 2122,5
2 B 2123,5
2 B 2124,5
2 B 2125,5
2 B 2126,5
2 B 2127,5
2 B 2128,5
2 B 2129,5
2 B 2134,5
2 B 2135,5
2 B 2136,5
2 B 2137,5
2 B 2138,5
2 B 2140,5
2 B 2141,5
2 B 2142,5
2 B 2143,5
2 B 2144,5
2 B 2145,5
2 B 2146,5
2 B 2147,5
2 B 2148,5
2 B 2149,5
2 B 2150,5
2 B 2151,5
2 B 2152,5
2 B 2153,5
2 B 2154,5
2 B 2155,5
2 B 2156,5
2 B 2157,5
2 B 2158,5
2 B 2159,5
2 B 2160,5
2 B 12102,40
2 B 12132,40
